Ticker,plan_tag,SignalMode,Session,forward_trades,forward_winrate,forward_pf_eff,forward_pf_calc,exp_bp_mean,expected_profit_total,expected_profit_daily,expected_profit_per_trade,max_drawdown_est
8136.T,AM0930_j-only,j-only,AM15,19,0.9473684210526316,2499.006684551406,2499.006684551406,15.611786230163586,296623.93837310816,74155.98459327704,15611.786230163587,0.0
6525.T,AM0945_j-only,j-only,AM15,20,1.0,999.0,999.0,33.742224746637355,674844.4949327472,168711.1237331868,33742.22474663736,0.0
8035.T,AM1030_j-only,j-only,AM15,19,1.0,999.0,999.0,12.483740092619245,237191.06175976564,59297.76543994141,12483.740092619244,0.0
6146.T,AM0930_j-only,j-only,AM15,16,1.0,999.0,999.0,28.088370706982573,449413.93131172116,112353.48282793029,28088.370706982572,0.0
6146.T,AM0945_j-only,j-only,AM15,16,1.0,999.0,999.0,37.11046338372824,593767.4141396518,148441.85353491295,37110.46338372824,0.0
6146.T,AM1000_j-only,j-only,AM15,16,1.0,999.0,999.0,37.11046338372824,593767.4141396518,148441.85353491295,37110.46338372824,0.0
6146.T,AM1015_j-only,j-only,AM15,16,1.0,999.0,999.0,37.11046338372824,593767.4141396518,148441.85353491295,37110.46338372824,0.0
5016.T,AM0930_j-only,j-only,AM15,15,1.0,999.0,999.0,24.003594638879864,360053.919583198,90013.4798957995,24003.594638879866,0.0
6525.T,AM0930_j-only,j-only,AM15,13,1.0,999.0,999.0,37.83192291894913,491814.9979463387,122953.74948658468,37831.92291894913,0.0
7014.T,AM0945_j-only,j-only,AM15,13,1.0,999.0,999.0,25.230339031284505,327994.40740669856,81998.60185167464,25230.339031284504,0.0
8035.T,AM1015_j-only,j-only,AM15,12,1.0,999.0,999.0,8.18831060303498,98259.72723641974,24564.931809104935,8188.310603034979,0.0
1579.T,AM1015_j-cross,j-cross,AM15,12,1.0,999.0,999.0,32.43504947795663,389220.59373547963,97305.14843386991,32435.049477956636,0.0
8136.T,AM1000_j-only,j-only,AM15,11,1.0,999.0,999.0,6.103514871812381,67138.66358993619,16784.665897484047,6103.514871812381,0.0
6315.T,AM1015_j-cross,j-cross,AM15,10,1.0,999.0,999.0,23.14485645814623,231448.5645814623,57862.141145365575,23144.85645814623,0.0
8411.T,AM0930_j-only,j-only,AM15,9,1.0,999.0,999.0,23.14255958915552,208283.03630239968,52070.75907559992,23142.55958915552,0.0
1579.T,AM1000_j-cross,j-cross,AM15,9,1.0,999.0,999.0,34.87398208294365,313865.83874649287,78466.45968662322,34873.98208294365,0.0
7974.T,AM0930_j-only,j-only,AM15,8,1.0,999.0,999.0,32.87732078232687,263018.56625861494,65754.64156465374,32877.32078232687,0.0
8035.T,AM0930_j-only,j-only,AM15,8,1.0,999.0,999.0,14.40652600163222,115252.20801305775,28813.052003264438,14406.526001632219,0.0
7974.T,AM0945_j-only,j-only,AM15,8,1.0,999.0,999.0,32.87732078232687,263018.56625861494,65754.64156465374,32877.32078232687,0.0
6525.T,AM0945_j-cross,j-cross,AM15,8,1.0,999.0,999.0,65.08546152511961,520683.6922009569,130170.92305023923,65085.461525119616,0.0
8035.T,AM1000_j-only,j-only,AM15,8,1.0,999.0,999.0,9.636860520901594,77094.88416721275,19273.721041803186,9636.860520901593,0.0
8136.T,AM0945_j-only,j-only,AM15,7,1.0,999.0,999.0,12.236112167299952,85652.78517109966,21413.196292774915,12236.112167299952,0.0
6702.T,AM0930_j-only,j-only,AM15,6,1.0,999.0,999.0,42.62235926247924,255734.15557487548,63933.53889371887,42622.35926247924,0.0
6525.T,AM0930_j-cross,j-cross,AM15,6,1.0,999.0,999.0,36.98831246187336,221929.87477124017,55482.46869281004,36988.312461873364,0.0
6146.T,AM0945_j-cross,j-cross,AM15,6,1.0,999.0,999.0,51.326452263026674,307958.71357816004,76989.67839454001,51326.45226302667,0.0
6146.T,AM1000_j-cross,j-cross,AM15,6,1.0,999.0,999.0,51.326452263026674,307958.71357816004,76989.67839454001,51326.45226302667,0.0
6146.T,AM1015_j-cross,j-cross,AM15,6,1.0,999.0,999.0,51.326452263026674,307958.71357816004,76989.67839454001,51326.45226302667,0.0
6146.T,AM1030_j-cross,j-cross,AM15,6,1.0,999.0,2.1508409646927418,51.326452263026674,307958.71357816004,76989.67839454001,51326.45226302667,0.0
1579.T,AM0930_j-cross,j-cross,AM15,5,1.0,999.0,999.0,22.7037986048932,113518.993024466,28379.7482561165,22703.7986048932,0.0
6857.T,AM1000_j-cross,j-cross,AM15,5,1.0,999.0,999.0,63.01397059366632,315069.85296833166,78767.46324208291,63013.97059366633,0.0
8411.T,AM0930_j-cross,j-cross,AM15,4,1.0,999.0,999.0,12.899512096426347,51598.048385705384,12899.512096426346,12899.512096426346,0.0
6857.T,AM0945_j-cross,j-cross,AM15,4,1.0,999.0,999.0,65.90614492326448,263624.5796930579,65906.14492326448,65906.14492326448,0.0
4592.T,AM1015_j-cross,j-cross,AM15,11,0.7272727272727273,12.017313368951342,12.017313368951342,201.69627162536835,2218658.987879052,554664.746969763,201696.27162536836,231575.01952150583
4592.T,AM1030_j-cross,j-cross,AM15,11,0.7272727272727273,12.017313368951342,13.135194456412984,201.69627162536835,2218658.987879052,554664.746969763,201696.27162536836,210242.57729476862
6526.T,AM0930_j-only,j-only,AM15,16,0.875,7.488879219268079,7.488879219268079,72.2745525266529,1156392.8404264464,289098.2101066116,72274.5525266529,462538.3967217239
4592.T,AM1000_j-cross,j-cross,AM15,7,0.7142857142857143,7.299580334313744,7.299580334313744,211.27673202042047,1478937.1241429434,369734.28103573585,211276.7320204205,241815.60437076897
5016.T,AM1000_j-only,j-only,AM15,37,0.8918918918918919,6.395996240845236,6.395996240845236,29.114468861220065,1077235.3478651424,269308.8369662856,29114.468861220063,604740.5686732879
6525.T,AM1000_j-cross,j-cross,AM15,9,0.8888888888888888,6.157565807424079,6.157565807424079,48.45818933011125,436123.70397100126,109030.92599275032,48458.18933011125,3.188250171062416e-10
6525.T,AM1015_j-cross,j-cross,AM15,9,0.8888888888888888,6.157565807424079,6.157565807424079,48.45818933011125,436123.70397100126,109030.92599275032,48458.18933011125,3.188250171062416e-10
6525.T,AM1030_j-cross,j-cross,AM15,9,0.8888888888888888,6.157565807424079,2.7877806448160585,48.45818933011125,436123.70397100126,109030.92599275032,48458.18933011125,9.197778326701452e-10
4592.T,AM1030_j-only,j-only,AM15,61,0.3442622950819672,5.805970994549128,6.05859576085897,125.74186551730952,7670253.79655588,1917563.44913897,125741.86551730952,131133.5675332511
6526.T,AM0945_j-only,j-only,AM15,30,0.9333333333333332,5.669432443329544,5.669432443329544,27.738217257855474,832146.5177356643,208036.62943391607,27738.217257855475,895214.1710502185
4592.T,AM0945_j-only,j-only,AM15,57,0.631578947368421,4.494521599043986,4.494521599043986,176.48755288454487,10059790.514419058,2514947.6286047646,176487.5528845449,908207.3696525653
4592.T,AM0930_j-only,j-only,AM15,31,0.4193548387096774,4.447255007709164,4.447255007709164,197.707219507592,6128923.804735351,1532230.9511838378,197707.21950759197,328513.5749967953
