code,ATR_n_TRAIN,TPk_TRAIN,SLk_TRAIN,J_th_TRAIN,dJ_th_TRAIN,vEMA_th_TRAIN,winrate_TRAIN,pf_TRAIN,trades_TRAIN,PF_eff_TRAIN,winrate_TEST,pf_TEST,trades_TEST,ATR_n_TEST,TPk_TEST,SLk_TEST,J_th_TEST,dJ_th_TEST,vEMA_th_TEST,PF_eff_TEST
1321.T,1,1.2,2.0,1.0,0.05,0.02,0.22857142857142856,0.1806451612903226,245,0.1775882239696714,0.18181818181818182,0.1411764705882353,66,1,1.2,2.0,1.0,0.05,0.02,0.13319116797725356
1357.T,3,1.2,2.0,1.0,0.05,0.02,0.2755905511811024,0.23076923076923078,254,0.22801748865671126,0.24691358024691357,0.2,81,3,1.2,2.0,1.0,0.05,0.02,0.19651155931070197
1360.T,1,1.2,2.0,1.0,0.05,0.05,0.28350515463917525,0.24444444444444444,194,0.23715693578683633,0.25862068965517243,0.21951219512195122,58,1,1.2,2.0,1.0,0.05,0.05,0.20907915903406082
1407.T,2,1.2,1.5,0.8,0.02,0.02,0.1792452830188679,0.1747126436781609,318,0.17450310026223562,0.21978021978021978,0.22857142857142856,91,2,1.2,1.5,0.8,0.02,0.02,0.22508183428931802
1458.T,3,1.2,2.0,0.6,0.05,0.02,0.2679738562091503,0.22062780269058294,306,0.2194086651053864,0.26595744680851063,0.22388059701492538,94,3,1.2,2.0,0.6,0.05,0.02,0.21715951300639166
1540.T,3,1.2,2.0,1.0,0.02,0.02,0.31958762886597936,0.2818181818181818,291,0.2815176959519223,0.10784313725490197,0.075,102,3,1.2,2.0,1.0,0.02,0.02,0.07245014082279178
1541.T,2,1.2,2.0,0.6,0.02,0.05,0.3923611111111111,0.3964912280701754,288,0.3870154795224768,0.2625,0.22105263157894736,80,2,1.2,2.0,0.6,0.02,0.05,0.21333161650594
1542.T,5,1.2,2.0,1.0,0.05,0.05,0.4405940594059406,0.4944444444444444,202,0.47206250243265524,0.5303030303030303,0.6774193548387096,66,5,1.2,2.0,1.0,0.05,0.05,0.6766970631102397
1570.T,3,1.2,2.0,0.6,0.02,0.02,0.2979452054794521,0.25588235294117645,292,0.25436264518582813,0.25773195876288657,0.21428571428571427,97,3,1.2,2.0,0.6,0.02,0.02,0.20811119996445865
1579.T,3,1.2,2.0,0.6,0.05,0.05,0.3,0.2616279069767442,250,0.256868681098989,0.20253164556962025,0.15483870967741936,79,3,1.2,2.0,0.6,0.05,0.05,0.15221847768828975
1605.T,5,1.2,2.0,0.6,0.05,0.05,0.2441860465116279,0.19484536082474224,258,0.19363946729000706,0.2923076923076923,0.25333333333333335,65,5,1.2,2.0,0.6,0.05,0.05,0.24756184482728652
168A.T,2,1.2,2.0,0.8,0.02,0.02,0.5,0.6,14,0.599360255897641,0.3142857142857143,0.28695652173913044,70,2,1.2,2.0,0.8,0.02,0.02,0.27470678395308545
1802.T,3,1.2,1.5,0.6,0.05,0.05,0.24175824175824176,0.25507246376811593,273,0.2547665399709527,0.31521739130434784,0.3932203389830508,92,3,1.2,1.5,0.6,0.05,0.05,0.36781229904897295
1803.T,3,1.2,2.0,0.6,0.05,0.02,0.27245508982035926,0.2275,334,0.22445178307277913,0.2616822429906542,0.22702702702702704,107,3,1.2,2.0,0.6,0.05,0.02,0.21243148310296137
1812.T,2,1.2,2.0,1.0,0.02,0.05,0.3540983606557377,0.334020618556701,305,0.3285832874971839,0.4166666666666667,0.42857142857142855,84,2,1.2,2.0,1.0,0.02,0.05,0.4281144684983151
186A.T,5,1.2,2.0,1.0,0.05,0.05,0.24347826086956523,0.19649122807017544,230,0.1928975536222293,0.10465116279069768,0.072,86,5,1.2,2.0,1.0,0.05,0.05,0.07005509484517881
1893.T,3,1.2,2.0,1.0,0.05,0.05,0.36996336996337,0.362874251497006,273,0.3519499177073357,0.13861386138613863,0.09767441860465116,101,3,1.2,2.0,1.0,0.05,0.05,0.09644877681111466
1911.T,1,1.2,1.5,0.6,0.02,0.05,0.25691699604743085,0.27807486631016043,253,0.2762640067141497,0.13,0.12093023255813953,100,1,1.2,1.5,0.6,0.02,0.05,0.11939685807416123
1925.T,5,1.2,2.0,0.6,0.05,0.02,0.294478527607362,0.25152838427947594,326,0.25016775898336324,0.38636363636363635,0.38490566037735846,88,5,1.2,2.0,0.6,0.05,0.02,0.3773749759355517
1928.T,2,1.2,2.0,0.8,0.05,0.02,0.32673267326732675,0.29261083743842364,303,0.2908660065385611,0.4878048780487805,0.6,82,2,1.2,2.0,0.8,0.05,0.02,0.5708192913310867
1942.T,5,1.2,2.0,1.0,0.05,0.02,0.34572490706319703,0.32068965517241377,269,0.31670740794591257,0.14772727272727273,0.1054054054054054,88,5,1.2,2.0,1.0,0.05,0.02,0.10388911102225779
2036.T,5,1.2,1.5,0.6,0.02,0.02,0.27741935483870966,0.3170506912442396,310,0.30677448218093206,0.31666666666666665,0.38,60,5,1.2,1.5,0.6,0.02,0.02,0.3702870664101098
2127.T,3,1.2,2.0,0.8,0.05,0.05,0.2682926829268293,0.22318840579710142,287,0.21976542716246839,0.24705882352941178,0.2032258064516129,85,3,1.2,2.0,0.8,0.05,0.05,0.19666508396641347
215A.T,3,1.2,2.0,0.6,0.02,0.02,0.25696594427244585,0.20836820083682006,323,0.2072787551646009,0.22115384615384615,0.17468354430379746,104,3,1.2,2.0,0.6,0.02,0.02,0.17018871463760177
2160.T,2,1.2,1.5,1.0,0.02,0.02,0.34509803921568627,0.42409638554216866,255,0.4210512876166643,0.15463917525773196,0.14814814814814814,97,2,1.2,1.5,1.0,0.02,0.02,0.1461659472671486
2181.T,2,1.2,2.0,1.0,0.02,0.05,0.3151750972762646,0.2793103448275862,257,0.2758419359528916,0.14814814814814814,0.10746268656716416,81,2,1.2,2.0,1.0,0.02,0.05,0.104236566243068
218A.T,5,1.2,1.5,0.6,0.02,0.02,0.23123123123123124,0.24062499999999998,333,0.24033640391791045,0.3974358974358974,0.5276595744680851,78,5,1.2,1.5,0.6,0.02,0.02,0.5270267205008392
219A.T,2,1.2,2.0,1.0,0.05,0.05,0.3898305084745763,0.3833333333333333,236,0.38292460793460403,0.20481927710843373,0.159375,83,2,1.2,2.0,1.0,0.05,0.05,0.15438067197363478
2267.T,1,1.2,2.0,1.0,0.05,0.05,0.2802197802197802,0.23720930232558138,182,0.23333872557847093,0.19718309859154928,0.15,71,1,1.2,2.0,1.0,0.05,0.05,0.1472112909222276
2269.T,5,1.2,2.0,0.6,0.05,0.05,0.20233463035019456,0.15294117647058822,257,0.152032845398426,0.4935064935064935,0.6,77,5,1.2,2.0,0.6,0.05,0.05,0.5839920442079577
2334.T,5,1.2,1.5,1.0,0.05,0.05,0.25,0.2756302521008403,164,0.26634683724235964,0.11538461538461539,0.10434782608695652,52,5,1.2,1.5,1.0,0.05,0.05,0.10422267544266248
2413.T,5,1.2,1.5,0.6,0.05,0.02,0.2702702702702703,0.29767441860465116,296,0.2959409302692885,0.18095238095238095,0.17882352941176471,105,5,1.2,1.5,0.6,0.05,0.02,0.1765322060792384
2432.T,2,1.2,2.0,0.6,0.02,0.05,0.35313531353135313,0.32923076923076927,303,0.3272017723522836,0.3875,0.40434782608695646,80,2,1.2,2.0,0.6,0.02,0.05,0.37918710066993616
2433.T,1,1.2,1.5,1.0,0.05,0.02,0.26174496644295303,0.28363636363636363,149,0.28329618143050983,0.3870967741935484,0.5333333333333333,31,1,1.2,1.5,1.0,0.05,0.02,0.504657165301313
247A.T,5,1.2,2.0,0.8,0.05,0.05,0.39776951672862454,0.40632911392405063,269,0.39587374926572594,0.3275862068965517,0.2923076923076923,58,5,1.2,2.0,0.8,0.05,0.05,0.29199602210397896
2502.T,5,1.2,2.0,1.0,0.05,0.05,0.41578947368421054,0.4348623853211009,190,0.4265717136568796,0.3387096774193548,0.3405405405405405,62,5,1.2,2.0,1.0,0.05,0.05,0.3069893993622063
2503.T,3,1.2,2.0,0.6,0.05,0.05,0.2151394422310757,0.16530612244897958,251,0.16429164374859195,0.42168674698795183,0.4375,83,3,1.2,2.0,0.6,0.05,0.05,0.43703351992536327
2670.T,5,1.2,2.0,1.0,0.05,0.05,0.4449760765550239,0.4894736842105263,209,0.48052158446966037,0.26582278481012656,0.2290909090909091,79,5,1.2,2.0,1.0,0.05,0.05,0.21700974782500793
2726.T,2,1.2,1.5,0.8,0.05,0.05,0.29225352112676056,0.3387755102040816,284,0.3299520521062067,0.24107142857142858,0.2571428571428571,112,2,1.2,1.5,0.8,0.05,0.05,0.2538128684309545
2768.T,2,1.2,2.0,1.0,0.02,0.05,0.4126984126984127,0.42448979591836733,252,0.42117207171185583,0.14563106796116504,0.10588235294117647,103,2,1.2,2.0,1.0,0.02,0.05,0.10216367998255242
276A.T,2,1.2,2.0,0.6,0.05,0.02,0.3023255813953488,0.26292134831460673,129,0.2597227775556444,0.1875,0.14025974025974025,96,2,1.2,2.0,0.6,0.05,0.02,0.13831390520714792
2801.T,5,1.2,2.0,0.8,0.05,0.05,0.36199095022624433,0.34285714285714286,221,0.34006255653766865,0.27906976744186046,0.23999999999999996,86,5,1.2,2.0,0.8,0.05,0.05,0.2320104216377965
2802.T,2,1.2,1.5,0.6,0.05,0.02,0.1550632911392405,0.14736842105263157,316,0.14664039353792835,0.2033898305084746,0.20869565217391303,118,2,1.2,1.5,0.6,0.05,0.02,0.20401034341967975
285A.T,5,1.2,2.0,0.6,0.05,0.05,0.3532110091743119,0.33722627737226274,218,0.32731021066750604,0.26865671641791045,0.23478260869565215,67,5,1.2,2.0,0.6,0.05,0.05,0.22017315522770484
2897.T,2,1.2,1.5,0.6,0.05,0.02,0.10606060606060606,0.0958904109589041,330,0.09480141664558564,0.11764705882352941,0.1087378640776699,119,2,1.2,1.5,0.6,0.05,0.02,0.10653873489694386
290A.T,1,1.2,1.5,0.6,0.05,0.05,0.15384615384615385,0.14634146341463414,195,0.14528009304128708,0.07407407407407407,0.064,54,1,1.2,1.5,0.6,0.05,0.05,0.06392324093816631
2914.T,5,1.2,2.0,0.6,0.02,0.02,0.25386996904024767,0.20585774058577405,323,0.20393170532616828,0.2767857142857143,0.23249999999999998,112,5,1.2,2.0,0.6,0.02,0.02,0.22938478929415893
3003.T,2,1.2,1.5,0.8,0.05,0.02,0.2147239263803681,0.2196078431372549,326,0.21848763992537315,0.22018348623853212,0.23414634146341462,109,2,1.2,1.5,0.8,0.05,0.02,0.22561143860529292
3038.T,1,1.2,2.0,0.6,0.02,0.05,0.2757352941176471,0.22959183673469388,272,0.22818283853971105,0.2261904761904762,0.19,84,1,1.2,2.0,0.6,0.02,0.05,0.17519761326238736
3064.T,5,1.2,2.0,1.0,0.05,0.05,0.301255230125523,0.26024096385542167,239,0.258406816913953,0.2441860465116279,0.196875,86,5,1.2,2.0,1.0,0.05,0.05,0.19363946729000706
3086.T,5,1.2,2.0,0.6,0.02,0.05,0.3090128755364807,0.26999999999999996,233,0.268036884625032,0.2391304347826087,0.19130434782608693,92,5,1.2,2.0,0.6,0.02,0.05,0.18837036613925862
3088.T,5,1.2,2.0,0.6,0.05,0.05,0.3140495867768595,0.2780487804878049,242,0.2744059002904862,0.24731182795698925,0.2029411764705882,93,5,1.2,2.0,0.6,0.05,0.05,0.1969326555092249
3092.T,5,1.2,1.5,1.0,0.02,0.05,0.24100719424460432,0.2552380952380952,278,0.25372376438727157,0.19736842105263158,0.2,76,5,1.2,1.5,1.0,0.02,0.05,0.19648537173616698
3099.T,1,1.2,1.5,0.6,0.05,0.05,0.21176470588235294,0.21708542713567838,255,0.21466760016548392,0.2535211267605634,0.27169811320754716,71,1,1.2,1.5,0.6,0.05,0.05,0.2713722492658004
3141.T,3,1.2,2.0,0.8,0.05,0.02,0.3356164383561644,0.3078534031413612,292,0.302769613803963,0.3157894736842105,0.28125,95,3,1.2,2.0,0.8,0.05,0.02,0.2766278104142958
314A.T,1,1.2,1.5,0.6,0.05,0.02,0.26126126126126126,0.28466257668711653,222,0.28258749804982064,0.1864406779661017,0.19130434782608693,59,1,1.2,1.5,0.6,0.05,0.02,0.18311345060412226
3231.T,5,1.2,2.0,0.6,0.05,0.02,0.36466165413533835,0.3464285714285714,266,0.34401150782290635,0.2564102564102564,0.21052631578947367,78,5,1.2,2.0,0.6,0.05,0.02,0.20667595030953134
3289.T,3,1.2,2.0,1.0,0.02,0.05,0.41434262948207173,0.42448979591836733,251,0.4240371878459502,0.36486486486486486,0.36,74,3,1.2,2.0,1.0,0.02,0.05,0.34431333849438955
3349.T,5,1.2,2.0,0.6,0.02,0.02,0.2903225806451613,0.2467005076142132,279,0.24519283195812588,0.31683168316831684,0.2909090909090909,101,5,1.2,2.0,0.6,0.02,0.02,0.27796417664818135
3350.T,2,1.2,2.0,0.6,0.02,0.05,0.39914163090128757,0.4102941176470588,233,0.39814645570343304,0.3898305084745763,0.43124999999999997,59,2,1.2,2.0,0.6,0.02,0.05,0.38292460793460403
3370.T,5,1.2,2.0,0.6,0.02,0.05,0.4148936170212766,0.4254545454545454,94,0.42500090872741814,0.2413793103448276,0.20487804878048782,58,5,1.2,2.0,0.6,0.02,0.05,0.19070553596743123
3382.T,5,1.2,2.0,1.0,0.02,0.05,0.391304347826087,0.3857142857142857,276,0.38530302164848346,0.5147058823529411,0.6363636363636364,68,5,1.2,2.0,1.0,0.02,0.05,0.6356851198914373
3391.T,1,1.2,1.5,1.0,0.05,0.05,0.26587301587301587,0.2928961748633879,252,0.2893822393822394,0.22727272727272727,0.23529411764705882,88,1,1.2,1.5,1.0,0.05,0.05,0.23501191521384673
3402.T,5,1.2,2.0,1.0,0.02,0.05,0.37751004016064255,0.36623376623376624,249,0.3634829938992145,0.45901639344262296,0.5090909090909091,61,5,1.2,2.0,1.0,0.02,0.05,0.5085480959131501
3405.T,2,1.2,2.0,0.6,0.02,0.05,0.2829581993569132,0.23677130044843048,311,0.23651884537664758,0.34146341463414637,0.34285714285714286,82,2,1.2,2.0,0.6,0.02,0.05,0.310779391946925
3407.T,2,1.2,2.0,1.0,0.02,0.05,0.33035714285714285,0.297986577181208,224,0.2956843929095029,0.17721518987341772,0.12923076923076923,79,2,1.2,2.0,1.0,0.02,0.05,0.12909297819333806
3436.T,5,1.2,2.0,1.0,0.05,0.05,0.3786764705882353,0.3678571428571428,272,0.3652905701624676,0.2571428571428571,0.20769230769230768,70,5,1.2,2.0,1.0,0.05,0.05,0.20747085781072186
3563.T,2,1.2,2.0,1.0,0.02,0.05,0.305019305019305,0.264804469273743,259,0.2630525567550758,0.4230769230769231,0.4604651162790698,78,2,1.2,2.0,1.0,0.02,0.05,0.4395308543249367
3635.T,3,1.2,2.0,0.6,0.02,0.05,0.23961661341853036,0.19148936170212766,313,0.18887403021984486,0.34782608695652173,0.3368421052631579,92,3,1.2,2.0,0.6,0.02,0.05,0.31965880314540857
3647.T,5,1.2,1.5,1.0,0.05,0.02,0.20588235294117646,0.2074074074074074,102,0.20715865118850194,0.1527777777777778,0.14915254237288134,72,5,1.2,1.5,1.0,0.05,0.02,0.14408927260652243
3687.T,1,1.2,1.5,0.6,0.05,0.02,0.2109090909090909,0.21581395348837207,275,0.2135684317058552,0.14473684210526316,0.13968253968253969,76,1,1.2,1.5,0.6,0.05,0.02,0.13522224044612108
3692.T,5,1.2,2.0,0.6,0.05,0.02,0.2806451612903226,0.23835616438356164,310,0.23383113122464017,0.18181818181818182,0.13714285714285715,88,5,1.2,2.0,0.6,0.05,0.02,0.13319116797725356
3697.T,2,1.2,2.0,1.0,0.05,0.02,0.2537764350453172,0.2065573770491803,331,0.20383101820000743,0.26262626262626265,0.21971830985915491,99,2,1.2,2.0,1.0,0.05,0.02,0.21347077607313245
3774.T,5,1.2,2.0,0.6,0.05,0.02,0.2826086956521739,0.23756345177664973,276,0.2361116159596767,0.3469387755102041,0.32380952380952377,98,5,1.2,2.0,0.6,0.05,0.02,0.31841013594562173
3861.T,2,1.2,2.0,1.0,0.02,0.05,0.3423076923076923,0.31228070175438594,260,0.3119477355256728,0.5074626865671642,0.6181818181818182,67,2,1.2,2.0,1.0,0.02,0.05,0.6175226878945393
3905.T,5,1.2,2.0,0.8,0.05,0.02,0.24253731343283583,0.1921182266009852,268,0.19191338243027917,0.3709677419354839,0.36315789473684207,62,5,1.2,2.0,0.8,0.05,0.02,0.3534688688627114
3923.T,5,1.2,2.0,0.6,0.02,0.05,0.35714285714285715,0.3333333333333333,266,0.3329779199431339,0.5,0.631578947368421,80,5,1.2,2.0,0.6,0.02,0.05,0.599360255897641
3935.T,1,1.2,1.5,1.0,0.02,0.02,0.24050632911392406,0.2576271186440678,158,0.25302949538024166,0.1625,0.15757575757575756,80,1,1.2,1.5,1.0,0.02,0.02,0.15503771123062726
4004.T,5,1.2,1.5,1.0,0.02,0.05,0.24899598393574296,0.2652406417112299,249,0.2649225226047,0.17721518987341772,0.17230769230769233,79,5,1.2,1.5,1.0,0.02,0.05,0.17210103329506318
4005.T,5,1.2,2.0,0.8,0.05,0.02,0.3235294117647059,0.28695652173913044,272,0.28665055716843696,0.323943661971831,0.30666666666666664,71,5,1.2,2.0,0.8,0.05,0.02,0.287193455950953
402A.T,2,1.2,2.0,1.0,0.02,0.02,0.24242424242424243,0.19753086419753085,330,0.19179528188724512,0.2962962962962963,0.2769230769230769,81,2,1.2,2.0,1.0,0.02,0.02,0.25236221300953304
4042.T,1,1.2,1.5,0.6,0.05,0.02,0.24705882352941178,0.26249999999999996,255,0.26218516791044777,0.14285714285714285,0.1352112676056338,84,1,1.2,1.5,0.6,0.05,0.02,0.13317341862117982
4043.T,2,1.2,1.5,0.8,0.05,0.05,0.16356877323420074,0.15714285714285714,269,0.15625681118218432,0.10638297872340426,0.0975609756097561,94,2,1.2,1.5,0.8,0.05,0.05,0.09512387044369988
4062.T,3,1.2,2.0,0.6,0.05,0.05,0.28222996515679444,0.24545454545454545,287,0.2356707802315967,0.25555555555555554,0.20909090909090908,90,3,1.2,2.0,0.6,0.05,0.05,0.20575053560665285
4063.T,3,1.2,1.5,0.6,0.05,0.02,0.28294573643410853,0.31912568306010924,258,0.3152970667896041,0.2708333333333333,0.3151515151515151,96,3,1.2,1.5,0.6,0.05,0.02,0.2967864757843436
4088.T,2,1.2,1.5,0.6,0.02,0.02,0.2595419847328244,0.2804123711340206,262,0.2800760556569143,0.3333333333333333,0.39999999999999997,81,2,1.2,1.5,0.6,0.02,0.02,0.3995202558635394
4176.T,1,1.2,1.5,0.8,0.05,0.02,0.3090909090909091,0.35789473684210527,55,0.35746549208843004,0.20689655172413793,0.21818181818181817,29,1,1.2,1.5,0.8,0.05,0.02,0.20844535088532493
4182.T,5,1.2,2.0,0.8,0.05,0.02,0.29042904290429045,0.2467289719626168,303,0.2453195465999647,0.17391304347826086,0.12903225806451613,115,5,1.2,2.0,0.8,0.05,0.02,0.12618110650476652
4188.T,3,1.2,2.0,0.6,0.02,0.05,0.25806451612903225,0.20869565217391303,310,0.208473132486136,0.3163265306122449,0.2818181818181818,98,3,1.2,2.0,0.6,0.02,0.05,0.27731593929592346
4204.T,5,1.2,2.0,1.0,0.05,0.05,0.2823529411764706,0.23736263736263735,255,0.23581387117284236,0.23255813953488372,0.1935483870967742,86,5,1.2,2.0,1.0,0.05,0.05,0.1816243199689821
4307.T,2,1.2,2.0,1.0,0.02,0.05,0.3814814814814815,0.37005988023952097,270,0.3696653075296828,0.4175824175824176,0.4653061224489796,91,2,1.2,2.0,1.0,0.02,0.05,0.42972999479453505
4385.T,5,1.2,1.5,1.0,0.02,0.05,0.26744186046511625,0.29518716577540105,258,0.2917132026940129,0.09782608695652174,0.08780487804878048,92,5,1.2,1.5,1.0,0.02,0.05,0.0866429470547435
4443.T,1,1.2,1.5,0.8,0.05,0.05,0.30246913580246915,0.35,162,0.34648659358076883,0.2463768115942029,0.2615384615384615,69,1,1.2,1.5,0.8,0.05,0.05,0.2612247826800066
4446.T,1,1.2,1.5,0.6,0.05,0.05,0.25675675675675674,0.28148148148148144,222,0.27603217677844544,0.3493975903614458,0.4461538461538461,83,1,1.2,1.5,0.6,0.05,0.05,0.42911434889046834
4452.T,3,1.2,2.0,0.6,0.02,0.05,0.23376623376623376,0.18620689655172412,308,0.1828556712908057,0.3333333333333333,0.31698113207547174,84,3,1.2,2.0,0.6,0.02,0.05,0.29968012794882043
4502.T,2,1.2,2.0,1.0,0.02,0.02,0.26578073089701,0.2191780821917808,301,0.21696298856023205,0.38461538461538464,0.38181818181818183,91,2,1.2,2.0,1.0,0.02,0.02,0.37460015993602563
4503.T,5,1.2,1.5,1.0,0.02,0.02,0.2714285714285714,0.300990099009901,280,0.2976817592708725,0.20238095238095238,0.20923076923076922,84,5,1.2,1.5,1.0,0.02,0.02,0.20274162237851256
4506.T,3,1.2,1.5,0.8,0.02,0.02,0.2576271186440678,0.2776255707762557,295,0.27729259767697717,0.16346153846153846,0.15813953488372093,104,3,1.2,1.5,0.8,0.02,0.02,0.15613435286621086
4507.T,2,1.2,2.0,0.6,0.05,0.02,0.367601246105919,0.3522388059701492,321,0.3483966019503529,0.20952380952380953,0.16097560975609757,105,2,1.2,2.0,0.6,0.05,0.02,0.15886657385238678
4519.T,3,1.2,1.5,0.8,0.02,0.05,0.23469387755102042,0.24753363228699551,294,0.24503909026297094,0.3402061855670103,0.41250000000000003,97,3,1.2,1.5,0.8,0.02,0.05,0.4120052638592751
4523.T,1,1.2,2.0,0.6,0.05,0.05,0.25,0.2019512195121951,276,0.19978675196588033,0.2608695652173913,0.21599999999999997,69,1,1.2,2.0,0.6,0.05,0.05,0.21153891384622622
4528.T,3,1.2,2.0,1.0,0.02,0.05,0.2751937984496124,0.22780748663101605,258,0.22756458913760702,0.23157894736842105,0.18333333333333332,95,3,1.2,2.0,1.0,0.02,0.05,0.18062911821572744
4543.T,2,1.2,2.0,0.6,0.02,0.05,0.32087227414330216,0.28479262672811057,321,0.2831839741167753,0.17777777777777778,0.13333333333333333,90,2,1.2,2.0,0.6,0.02,0.05,0.12959140668057104
4568.T,5,1.2,2.0,0.6,0.02,0.05,0.25096525096525096,0.20103092783505155,259,0.20081658058426113,0.24731182795698925,0.19999999999999998,93,5,1.2,2.0,0.6,0.02,0.05,0.1969326555092249
4571.T,3,1.2,1.5,0.8,0.05,0.05,0.2796610169491525,0.32592592592592595,118,0.31021572808227765,0.20408163265306123,0.21052631578947367,49,3,1.2,1.5,0.8,0.05,0.05,0.20488218249412282
4578.T,1,1.2,2.0,0.6,0.05,0.02,0.2936802973977695,0.2507936507936508,269,0.24920768534691387,0.2765957446808511,0.22941176470588234,94,1,1.2,2.0,0.6,0.05,0.02,0.22916715666674511
4587.T,5,1.2,1.5,0.6,0.05,0.02,0.19322033898305085,0.19404255319148933,295,0.19136684524556097,0.24358974358974358,0.26666666666666666,78,5,1.2,1.5,0.6,0.05,0.02,0.25731813089516103
4588.T,5,1.2,2.0,1.0,0.05,0.02,0.362962962962963,0.3520958083832335,270,0.3414959597556327,0.5945945945945946,0.9103448275862068,74,5,1.2,2.0,1.0,0.05,0.02,0.8790617086498737
4592.T,5,1.2,1.5,0.6,0.05,0.02,0.32068965517241377,0.37766497461928933,290,0.377212018226489,0.26262626262626265,0.28888888888888886,99,5,1.2,1.5,0.6,0.05,0.02,0.2845897713000556
4612.T,2,1.2,2.0,0.6,0.02,0.02,0.25886524822695034,0.21262135922330097,282,0.2093459267010899,0.4268292682926829,0.4666666666666667,82,2,1.2,2.0,0.6,0.02,0.02,0.4463321054556901
4661.T,2,1.2,1.5,0.6,0.02,0.02,0.19578313253012047,0.19548872180451127,332,0.19452297101970087,0.21568627450980393,0.22857142857142856,102,2,1.2,1.5,0.6,0.02,0.02,0.21973614072494674
4680.T,1,1.2,1.5,0.8,0.05,0.02,0.24074074074074073,0.26440677966101694,162,0.25335430859639085,0.25,0.2736842105263158,52,1,1.2,1.5,0.8,0.05,0.02,0.26634683724235964
4689.T,2,1.2,2.0,0.6,0.02,0.02,0.2485207100591716,0.19999999999999998,338,0.19821362793465291,0.4326923076923077,0.4576271186440678,104,2,1.2,2.0,0.6,0.02,0.02,0.4571391782270143
4704.T,3,1.2,2.0,0.8,0.05,0.05,0.40977443609022557,0.4165605095541401,266,0.41611635600536856,0.4507042253521127,0.4923076923076923,71,3,1.2,2.0,0.8,0.05,0.05,0.4917827740698594
4732.T,1,1.2,1.5,0.6,0.02,0.02,0.2871287128712871,0.32447552447552447,202,0.3218357616678513,0.2028985507246377,0.20363636363636364,69,1,1.2,1.5,0.6,0.02,0.02,0.20339213025780195
4751.T,2,1.2,1.5,0.6,0.02,0.02,0.19345238095238096,0.1918819188191882,336,0.19165178325557244,0.3090909090909091,0.35789473684210527,110,2,1.2,1.5,0.6,0.02,0.02,0.35746549208843004
4755.T,3,1.2,2.0,1.0,0.05,0.02,0.4057971014492754,0.42000000000000004,276,0.40931919914960857,0.4270833333333333,0.4555555555555555,96,3,1.2,2.0,1.0,0.05,0.02,0.446795827123696
4814.T,1,1.2,1.5,1.0,0.02,0.05,0.2222222222222222,0.23272727272727273,72,0.2282972890648797,0.34782608695652173,0.42666666666666664,23,1,1.2,1.5,1.0,0.02,0.05,0.42615493958777545
4889.T,3,1.2,1.5,0.8,0.02,0.05,0.29411764705882354,0.33587786259541985,187,0.3329335465529496,0.3076923076923077,0.3622641509433962,78,3,1.2,1.5,0.8,0.02,0.05,0.35512911632314625
4901.T,5,1.2,2.0,0.6,0.05,0.02,0.2956810631229236,0.2542857142857143,301,0.25161822063627387,0.4,0.4,95,5,1.2,2.0,0.6,0.05,0.02,0.39957350393176067
4902.T,5,1.2,2.0,0.8,0.02,0.02,0.3223684210526316,0.28965517241379307,304,0.28513254892217876,0.16216216216216217,0.11999999999999998,111,5,1.2,2.0,0.8,0.02,0.02,0.11600521081889828
4911.T,2,1.2,1.5,0.6,0.02,0.02,0.26495726495726496,0.2929133858267716,351,0.2880262309713889,0.11764705882352941,0.11162790697674417,102,2,1.2,1.5,0.6,0.02,0.02,0.10653873489694386
5016.T,3,1.2,1.5,1.0,0.02,0.02,0.27137546468401486,0.30103092783505153,269,0.29760182324528955,0.37681159420289856,0.48372093023255813,69,3,1.2,1.5,1.0,0.02,0.02,0.4831407745326524
5019.T,2,1.2,1.5,1.0,0.05,0.05,0.2323943661971831,0.24220183486238533,284,0.24191134758709731,0.29411764705882354,0.3333333333333333,68,2,1.2,1.5,1.0,0.05,0.05,0.3329335465529496
5020.T,5,1.2,2.0,0.6,0.02,0.05,0.31095406360424027,0.2721649484536082,283,0.2704805257384226,0.3076923076923077,0.2769230769230769,78,5,1.2,2.0,0.6,0.02,0.05,0.2663823359545071
5076.T,3,1.2,1.5,0.6,0.02,0.05,0.1580547112462006,0.15018050541516245,329,0.15000038487295347,0.24324324324324326,0.2634146341463415,111,3,1.2,1.5,0.6,0.02,0.05,0.25683445019798967
5101.T,2,1.2,2.0,1.0,0.05,0.05,0.3659574468085106,0.3510204081632653,235,0.34593947655836993,0.22549019607843138,0.1769230769230769,102,2,1.2,2.0,1.0,0.05,0.05,0.17449728969171827
5105.T,1,1.2,1.5,0.6,0.02,0.02,0.23790322580645162,0.25513513513513514,248,0.24943592694125746,0.13793103448275862,0.1297297297297297,87,1,1.2,1.5,0.6,0.02,0.02,0.12784648187633263
5108.T,2,1.2,2.0,1.0,0.05,0.02,0.23624595469255663,0.18717948717948718,309,0.1853953333920669,0.24242424242424243,0.19459459459459458,99,2,1.2,2.0,1.0,0.05,0.02,0.19179528188724512
5246.T,3,1.2,1.5,1.0,0.02,0.02,0.18315018315018314,0.18018018018018017,273,0.17915706540965898,0.1391304347826087,0.13333333333333333,115,3,1.2,1.5,1.0,0.02,0.02,0.12913786048114406
5253.T,1,1.2,1.5,0.8,0.05,0.02,0.19270833333333334,0.1922077922077922,192,0.19073870279936725,0.19402985074626866,0.1925925925925926,67,1,1.2,1.5,0.8,0.05,0.02,0.19236160467503752
5401.T,5,1.2,2.0,0.6,0.05,0.02,0.31365313653136534,0.2756756756756757,271,0.27390119221128756,0.4189189189189189,0.46499999999999997,74,5,1.2,2.0,0.6,0.05,0.02,0.4320969286703923
5406.T,5,1.2,1.5,0.6,0.02,0.02,0.23376623376623376,0.2451063829787234,308,0.24377507137436308,0.2857142857142857,0.32,91,5,1.2,1.5,0.6,0.02,0.02,0.3196162046908316
5411.T,5,1.2,1.5,0.6,0.05,0.02,0.19875776397515527,0.19922178988326847,322,0.1982115998082676,0.26262626262626265,0.28493150684931506,99,5,1.2,1.5,0.6,0.05,0.02,0.2845897713000556
5595.T,1,1.2,1.5,0.6,0.02,0.02,0.17437722419928825,0.17043478260869566,281,0.1687628667009779,0.17857142857142858,0.17647058823529413,84,1,1.2,1.5,0.6,0.02,0.02,0.17370445907110413
5631.T,5,1.2,2.0,0.6,0.05,0.05,0.3048780487804878,0.2631578947368421,246,0.2628773052182636,0.18947368421052632,0.14210526315789473,95,5,1.2,2.0,0.6,0.05,0.05,0.14011018969035766
5706.T,3,1.2,2.0,0.8,0.05,0.02,0.2757475083056478,0.23162790697674418,301,0.22819679467662474,0.1323529411764706,0.09310344827586206,68,3,1.2,2.0,0.8,0.05,0.02,0.09142783564540287
5711.T,3,1.2,2.0,1.0,0.02,0.02,0.25903614457831325,0.21061224489795918,332,0.20953244718372818,0.1485148514851485,0.10975609756097561,101,3,1.2,2.0,1.0,0.02,0.02,0.1045395795170304
5713.T,5,1.2,2.0,0.8,0.05,0.05,0.3488372093023256,0.32142857142857145,258,0.3210858513737362,0.4875,0.6157894736842104,80,5,1.2,2.0,0.8,0.05,0.05,0.5701231702440975
5724.T,3,1.2,2.0,1.0,0.02,0.05,0.40145985401459855,0.4125,137,0.4020099277362226,0.2839506172839506,0.2421052631578947,81,3,1.2,2.0,1.0,0.02,0.05,0.23767734285596104
5726.T,2,1.2,1.5,0.6,0.02,0.05,0.2867132867132867,0.32799999999999996,286,0.3211829507922572,0.20430107526881722,0.20821917808219179,93,2,1.2,1.5,0.6,0.02,0.05,0.2051590503083041
5801.T,2,1.2,2.0,0.6,0.02,0.02,0.3116883116883117,0.2769230769230769,308,0.2714084177649695,0.24528301886792453,0.20259740259740258,106,2,1.2,2.0,0.6,0.02,0.02,0.1947920831667333
5802.T,5,1.2,2.0,1.0,0.02,0.05,0.27626459143968873,0.23027027027027028,257,0.22878805467060492,0.18072289156626506,0.140625,83,5,1.2,2.0,1.0,0.02,0.05,0.1322118211538914
5803.T,3,1.2,2.0,0.6,0.02,0.05,0.39768339768339767,0.3987096774193548,259,0.3957314510093399,0.2872340425531915,0.253125,94,3,1.2,2.0,0.6,0.02,0.05,0.24153323745128819
5838.T,2,1.2,1.5,0.6,0.02,0.05,0.25517241379310346,0.2753488372093023,290,0.27374536049909187,0.23333333333333334,0.24705882352941175,90,2,1.2,1.5,0.6,0.02,0.05,0.24318624269954578
5952.T,2,1.2,2.0,1.0,0.05,0.05,0.5263157894736842,0.7058823529411765,38,0.6659558398862677,0.24096385542168675,0.21052631578947367,83,2,1.2,2.0,1.0,0.05,0.05,0.1902730971103622
5991.T,2,1.2,1.5,1.0,0.02,0.05,0.19480519480519481,0.1935483870967742,308,0.19331625283719653,0.10309278350515463,0.09195402298850575,97,2,1.2,1.5,1.0,0.02,0.05,0.09184373698012402
6098.T,5,1.2,2.0,1.0,0.05,0.05,0.44505494505494503,0.486,182,0.4806750567099893,0.09782608695652174,0.06666666666666667,92,5,1.2,2.0,1.0,0.05,0.05,0.06499087112143095
6113.T,5,1.2,1.5,0.8,0.02,0.05,0.24054982817869416,0.2545454545454545,291,0.25308975484568114,0.23170731707317074,0.24516129032258066,82,5,1.2,1.5,0.8,0.02,0.05,0.24098047179070636
6141.T,2,1.2,1.5,0.6,0.02,0.02,0.14792899408284024,0.13937282229965156,338,0.13872231106372898,0.24742268041237114,0.2704225352112676,97,2,1.2,1.5,0.6,0.02,0.02,0.26269825043082046
6146.T,1,1.2,1.5,0.6,0.02,0.02,0.23875432525951557,0.25555555555555554,289,0.2506081604962202,0.16842105263157894,0.17297297297297295,95,1,1.2,1.5,0.6,0.02,0.02,0.16183098971687676
6177.T,1,1.2,1.5,1.0,0.02,0.05,0.3875,0.5391304347826086,80,0.5055154257865193,0.17073170731707318,0.17500000000000002,41,1,1.2,1.5,1.0,0.02,0.05,0.16450834064969275
6178.T,3,1.2,2.0,0.8,0.02,0.05,0.32517482517482516,0.28911917098445594,286,0.28881090051026226,0.1827956989247312,0.14782608695652172,93,3,1.2,2.0,0.8,0.02,0.05,0.13406742566131444
6232.T,2,1.2,2.0,0.6,0.05,0.02,0.3442622950819672,0.3181818181818182,305,0.31466413434626145,0.2545454545454545,0.21265822784810126,110,2,1.2,2.0,0.6,0.05,0.02,0.20465959957480423
6268.T,2,1.2,2.0,0.8,0.05,0.05,0.20307692307692307,0.15714285714285714,325,0.15273272930210155,0.21686746987951808,0.16615384615384612,83,2,1.2,2.0,0.8,0.05,0.05,0.1659766862485775
6301.T,5,1.2,2.0,1.0,0.02,0.02,0.4163265306122449,0.4402877697841726,245,0.4275157070039118,0.12790697674418605,0.09428571428571428,86,5,1.2,2.0,1.0,0.02,0.02,0.08790617086498737
6315.T,5,1.2,1.5,0.8,0.05,0.05,0.16015625,0.15327102803738316,256,0.15237516735260576,0.25862068965517243,0.2857142857142857,58,5,1.2,1.5,0.8,0.05,0.05,0.27873506223037636
6323.T,2,1.2,2.0,1.0,0.05,0.02,0.2764505119453925,0.23478260869565218,293,0.22900085248919305,0.3854166666666667,0.4036363636363636,96,2,1.2,2.0,1.0,0.05,0.02,0.3758699909866563
6324.T,2,1.2,1.5,0.6,0.05,0.05,0.14195583596214512,0.1323529411764706,317,0.13219420230778883,0.2079207920792079,0.22105263157894736,101,2,1.2,1.5,0.6,0.05,0.05,0.20974813432835823
6326.T,5,1.2,1.5,1.0,0.02,0.05,0.25892857142857145,0.2812121212121212,224,0.27918282939861794,0.07692307692307693,0.0717948717948718,91,5,1.2,1.5,1.0,0.02,0.05,0.06658670931058991
6330.T,5,1.2,2.0,0.8,0.05,0.05,0.4032258064516129,0.41379310344827586,248,0.4049731458767844,0.5737704918032787,0.84,61,5,1.2,2.0,0.8,0.05,0.05,0.8068311137083628
6361.T,5,1.2,2.0,0.6,0.05,0.05,0.26714801444043323,0.2187192118226601,277,0.2184860046129332,0.4507042253521127,0.4923076923076923,71,5,1.2,2.0,0.6,0.05,0.05,0.4917827740698594
6367.T,5,1.2,1.5,1.0,0.05,0.02,0.22727272727272727,0.23529411764705882,308,0.23501191521384673,0.10989010989010989,0.1,91,5,1.2,1.5,1.0,0.05,0.02,0.0986469767564295
6460.T,5,1.2,2.0,0.6,0.02,0.05,0.2746478873239437,0.22829268292682925,284,0.22694223281561168,0.29473684210526313,0.2625,95,5,1.2,2.0,0.6,0.02,0.05,0.250478912912447
6471.T,2,1.2,1.5,0.8,0.02,0.05,0.21942446043165467,0.22697674418604652,278,0.22461507472512357,0.36923076923076925,0.4799999999999999,65,2,1.2,1.5,0.8,0.02,0.05,0.46773103125487553
6472.T,1,1.2,1.5,0.8,0.05,0.05,0.21951219512195122,0.22929936305732485,205,0.22473014392324098,0.3492063492063492,0.44,63,1,1.2,1.5,0.8,0.05,0.05,0.4287534453169692
6479.T,2,1.2,2.0,0.6,0.05,0.05,0.34814814814814815,0.3222857142857143,270,0.320112863945331,0.13861386138613863,0.09767441860465116,101,2,1.2,2.0,0.6,0.05,0.05,0.09644877681111466
6501.T,3,1.2,2.0,0.6,0.02,0.02,0.3052959501557632,0.2660633484162896,321,0.2633959868967211,0.13333333333333333,0.09473684210526315,90,3,1.2,2.0,0.6,0.02,0.02,0.09220927013809861
6503.T,5,1.2,1.5,0.6,0.02,0.05,0.3110236220472441,0.36321839080459767,254,0.3607097167225099,0.0625,0.05333333333333333,96,5,1.2,1.5,0.6,0.02,0.05,0.053269367448471924
6506.T,5,1.2,2.0,0.8,0.05,0.02,0.315625,0.2792626728110599,320,0.276417286966492,0.21052631578947367,0.16,95,5,1.2,2.0,0.8,0.05,0.02,0.15982940157270425
6525.T,3,1.2,2.0,1.0,0.02,0.02,0.30149253731343284,0.26120689655172413,335,0.2586982301096656,0.13131313131313133,0.09285714285714286,99,3,1.2,2.0,1.0,0.02,0.02,0.09060096891475969
6526.T,2,1.2,2.0,0.8,0.05,0.02,0.29591836734693877,0.2571428571428571,294,0.2519050350874143,0.2289156626506024,0.19322033898305085,83,2,1.2,2.0,0.8,0.05,0.02,0.17793507596961214
6532.T,2,1.2,2.0,0.6,0.02,0.02,0.3333333333333333,0.3,318,0.29968012794882043,0.3113207547169811,0.275,106,2,1.2,2.0,0.6,0.02,0.02,0.27094367732359115
6590.T,3,1.2,1.5,1.0,0.02,0.02,0.24761904761904763,0.26440677966101694,315,0.26297535828992474,0.1276595744680851,0.11707317073170731,94,3,1.2,1.5,1.0,0.02,0.02,0.11693275781371885
6594.T,3,1.2,2.0,0.6,0.02,0.02,0.3848797250859107,0.38181818181818183,291,0.37501870760075856,0.3106796116504854,0.2742857142857143,103,3,1.2,2.0,0.6,0.02,0.02,0.27013419984119025
6701.T,5,1.2,2.0,1.0,0.02,0.05,0.38235294117647056,0.37655172413793103,238,0.3710325393652063,0.10752688172043011,0.07228915662650602,93,5,1.2,2.0,1.0,0.02,0.05,0.07221207902381217
6702.T,5,1.2,2.0,0.6,0.05,0.02,0.32142857142857145,0.2887700534759358,280,0.28390748963572465,0.13414634146341464,0.103125,82,5,1.2,2.0,0.6,0.05,0.02,0.09285863119540917
6723.T,3,1.2,2.0,0.8,0.02,0.02,0.4,0.4021621621621621,310,0.39957350393176067,0.30666666666666664,0.2875,75,3,1.2,2.0,0.8,0.02,0.02,0.2651016516470335
6752.T,5,1.2,2.0,0.6,0.02,0.05,0.3728813559322034,0.3616438356164383,236,0.3563763683715704,0.14130434782608695,0.104,92,5,1.2,2.0,0.6,0.02,0.05,0.09862890286923204
6753.T,5,1.2,2.0,0.6,0.05,0.05,0.38235294117647056,0.37142857142857144,272,0.3710325393652063,0.313953488372093,0.28928571428571426,86,5,1.2,2.0,0.6,0.05,0.05,0.27428350693620857
6754.T,1,1.2,1.5,0.6,0.02,0.02,0.23616236162361623,0.25098039215686274,271,0.24704634179001475,0.12987012987012986,0.12307692307692308,77,1,1.2,1.5,0.6,0.02,0.02,0.11925977786971327
6758.T,5,1.2,2.0,0.6,0.05,0.05,0.29435483870967744,0.2502857142857143,248,0.25001884960301596,0.3026315789473684,0.27599999999999997,76,5,1.2,2.0,0.6,0.05,0.05,0.2600997336914291
6762.T,5,1.2,2.0,0.6,0.02,0.05,0.3481781376518219,0.3286624203821656,247,0.320155167746566,0.16091954022988506,0.11830985915492959,87,5,1.2,2.0,0.6,0.02,0.05,0.11494580250091746
6814.T,3,1.2,1.5,0.6,0.02,0.05,0.23076923076923078,0.24390243902439024,325,0.23971215351812372,0.2631578947368421,0.2898550724637681,95,3,1.2,1.5,0.6,0.02,0.05,0.2853716113310996
6857.T,3,1.2,2.0,0.6,0.02,0.05,0.43891402714932126,0.4932203389830508,221,0.46885439372638044,0.36923076923076925,0.36,65,3,1.2,2.0,0.6,0.02,0.05,0.3508450278425216
6861.T,5,1.2,2.0,0.6,0.02,0.05,0.2053872053872054,0.15508474576271186,297,0.15491938817693265,0.24509803921568626,0.2,102,5,1.2,2.0,0.6,0.02,0.05,0.19459748568105228
6869.T,2,1.2,2.0,1.0,0.05,0.02,0.25245901639344265,0.20352422907488985,305,0.202415525018063,0.1188118811881188,0.08372093023255812,101,2,1.2,2.0,1.0,0.05,0.02,0.08081261877271564
6871.T,3,1.2,2.0,0.6,0.02,0.02,0.26366559485530544,0.21866666666666665,311,0.21461808289784526,0.28421052631578947,0.253125,95,3,1.2,2.0,0.6,0.02,0.02,0.2379812780770045
6902.T,2,1.2,2.0,0.8,0.02,0.02,0.33222591362126247,0.30303030303030304,301,0.2981891820386273,0.26262626262626265,0.22608695652173913,99,2,1.2,2.0,0.8,0.02,0.02,0.21347077607313245
6920.T,2,1.2,1.5,0.8,0.02,0.05,0.24344569288389514,0.25870646766169153,267,0.2571169963478225,0.21875,0.23333333333333334,96,2,1.2,1.5,0.8,0.02,0.05,0.22373134328358213
6954.T,1,1.2,1.5,0.6,0.02,0.02,0.2689655172413793,0.2957345971563981,290,0.2939866033712838,0.1650485436893204,0.16190476190476188,103,1,1.2,1.5,0.6,0.02,0.02,0.1579498685972133
6963.T,5,1.2,2.0,1.0,0.05,0.05,0.36923076923076925,0.35776397515527947,260,0.3508450278425216,0.171875,0.132,64,5,1.2,2.0,1.0,0.05,0.05,0.12439552480894435
6965.T,5,1.2,2.0,0.8,0.05,0.05,0.3346613545816733,0.3054545454545454,251,0.3014746197329451,0.18055555555555555,0.13220338983050847,72,5,1.2,2.0,0.8,0.05,0.05,0.13206242926558193
6971.T,2,1.2,2.0,0.6,0.05,0.02,0.3611111111111111,0.3447513812154696,288,0.338768840289971,0.1452991452991453,0.10736842105263157,117,2,1.2,2.0,0.6,0.05,0.02,0.10189124350259898
6976.T,1,1.2,1.5,0.6,0.05,0.02,0.21875,0.22512562814070353,256,0.22373134328358213,0.20512820512820512,0.2098360655737705,78,1,1.2,1.5,0.6,0.05,0.02,0.20620400302634292
6981.T,3,1.2,2.0,0.6,0.05,0.05,0.24567474048442905,0.19631336405529953,289,0.19520448701253446,0.2054794520547945,0.15789473684210525,73,3,1.2,2.0,0.6,0.05,0.05,0.1550069627321485
6988.T,3,1.2,2.0,0.8,0.02,0.02,0.3072100313479624,0.2660633484162896,319,0.26577966098628425,0.09401709401709402,0.06407766990291262,117,3,1.2,2.0,0.8,0.02,0.02,0.062197762404472175
7003.T,5,1.2,2.0,0.6,0.05,0.05,0.35877862595419846,0.3418181818181818,262,0.33535633365701345,0.18811881188118812,0.14250000000000002,101,5,1.2,2.0,0.6,0.05,0.05,0.13887615685433144
7011.T,1,1.2,1.5,1.0,0.05,0.05,0.28054298642533937,0.31392405063291134,221,0.3115755454533264,0.1774193548387097,0.17254901960784313,62,1,1.2,1.5,1.0,0.05,0.05,0.172342071156821
7012.T,3,1.2,2.0,1.0,0.05,0.02,0.33451957295373663,0.3016042780748663,281,0.3012826954779586,0.13131313131313133,0.09176470588235294,99,3,1.2,2.0,1.0,0.05,0.02,0.09060096891475969
7013.T,2,1.2,2.0,1.0,0.05,0.05,0.425531914893617,0.47244094488188976,235,0.44397055992417844,0.14666666666666667,0.103125,75,2,1.2,2.0,1.0,0.05,0.05,0.10301504398240706
7167.T,3,1.2,2.0,0.6,0.05,0.02,0.3246753246753247,0.2912621359223301,308,0.2881539691815581,0.22916666666666666,0.18591549295774648,96,3,1.2,2.0,0.6,0.05,0.02,0.17818818418578514
7182.T,5,1.2,2.0,0.8,0.05,0.05,0.25984251968503935,0.21405405405405406,254,0.21041370685768246,0.14102564102564102,0.10476190476190475,78,5,1.2,2.0,0.8,0.05,0.05,0.09840243007274702
7186.T,5,1.2,2.0,1.0,0.02,0.02,0.33760683760683763,0.30980392156862746,234,0.30548038848976544,0.15841584158415842,0.11707317073170731,101,5,1.2,2.0,1.0,0.02,0.02,0.11282075405132065
7201.T,1,1.2,2.0,0.6,0.05,0.05,0.33195020746887965,0.3076923076923077,241,0.29781876069448,0.32142857142857145,0.29454545454545455,84,1,1.2,2.0,0.6,0.05,0.05,0.28390748963572465
7202.T,1,1.2,1.5,1.0,0.05,0.02,0.14772727272727273,0.13991031390134528,264,0.13850035536602703,0.2826086956521739,0.325,46,1,1.2,1.5,1.0,0.05,0.02,0.31477353492278864
7203.T,5,1.2,2.0,0.6,0.02,0.02,0.3784722222222222,0.3674157303370786,288,0.3649735636471669,0.3625,0.348,80,5,1.2,2.0,0.6,0.02,0.02,0.34081269453003116
7205.T,3,1.2,1.5,1.0,0.02,0.05,0.19330855018587362,0.19439252336448598,269,0.19147514566731846,0.23880597014925373,0.25098039215686274,67,3,1.2,1.5,1.0,0.02,0.05,0.2506793762281032
7211.T,3,1.2,2.0,0.8,0.05,0.02,0.2902208201892745,0.2475336322869955,317,0.24507174907814658,0.26595744680851063,0.21739130434782608,94,3,1.2,2.0,0.8,0.05,0.02,0.21715951300639166
7259.T,5,1.2,2.0,1.0,0.02,0.02,0.35587188612099646,0.3314917127071823,281,0.3311382629268735,0.18947368421052632,0.144,95,5,1.2,2.0,1.0,0.02,0.02,0.14011018969035766
7261.T,3,1.2,1.5,0.6,0.02,0.05,0.2152317880794702,0.22127659574468084,302,0.21914613190827062,0.2823529411764706,0.31999999999999995,85,3,1.2,1.5,0.6,0.02,0.05,0.31437659477786717
7267.T,3,1.2,2.0,0.6,0.02,0.02,0.39792387543252594,0.40588235294117647,289,0.3961289047599351,0.4,0.4434782608695652,85,3,1.2,2.0,0.6,0.02,0.02,0.39957350393176067
7269.T,2,1.2,2.0,0.6,0.02,0.05,0.2945205479452055,0.2529411764705882,292,0.2502183592582385,0.2159090909090909,0.1701492537313433,88,2,1.2,2.0,0.6,0.02,0.05,0.16504122988485767
7270.T,2,1.2,1.5,1.0,0.05,0.05,0.26013513513513514,0.2825688073394495,296,0.2809411844885163,0.23655913978494625,0.2514285714285714,93,2,1.2,1.5,1.0,0.05,0.05,0.24759001771824984
7272.T,3,1.2,2.0,0.6,0.05,0.02,0.3166144200626959,0.28186046511627905,319,0.27768525617276024,0.40476190476190477,0.425,84,3,1.2,2.0,0.6,0.05,0.02,0.4075649740103958
7276.T,2,1.2,1.5,0.8,0.05,0.02,0.2695035460992908,0.2980392156862745,282,0.29479164510319417,0.13333333333333333,0.12307692307692308,105,2,1.2,1.5,0.8,0.05,0.02,0.12292930949647368
7453.T,5,1.2,2.0,1.0,0.05,0.02,0.3805668016194332,0.37105263157894736,247,0.3682344055841716,0.1956521739130435,0.14594594594594593,92,5,1.2,2.0,1.0,0.05,0.02,0.1457903325156424
7532.T,2,1.2,2.0,1.0,0.02,0.02,0.3597122302158273,0.3468208092485549,278,0.3367192448863151,0.4,0.43902439024390244,75,2,1.2,2.0,1.0,0.02,0.02,0.39957350393176067
7599.T,2,1.2,1.5,1.0,0.05,0.05,0.2962962962962963,0.3386243386243386,270,0.3364381102008754,0.4,0.5333333333333333,65,2,1.2,1.5,1.0,0.05,0.05,0.5326936744847194
7711.T,2,1.2,2.0,0.6,0.05,0.02,0.4166666666666667,0.42857142857142855,180,0.4281144684983151,0.14285714285714285,0.13333333333333333,28,2,1.2,2.0,0.6,0.05,0.02,0.09989337598294017
7730.T,3,1.2,2.0,0.6,0.02,0.02,0.39672131147540984,0.39890109890109887,305,0.39414451610660084,0.10526315789473684,0.07228915662650602,95,3,1.2,2.0,0.6,0.02,0.02,0.0705129712820754
7731.T,2,1.2,2.0,1.0,0.02,0.02,0.33647798742138363,0.30865384615384617,318,0.30394098284856674,0.34146341463414637,0.3230769230769231,82,2,1.2,2.0,1.0,0.02,0.02,0.310779391946925
7733.T,1,1.2,2.0,1.0,0.05,0.02,0.314410480349345,0.2769230769230769,229,0.27486584983840867,0.390625,0.40540540540540543,64,1,1.2,2.0,1.0,0.05,0.02,0.38420529224207756
7735.T,2,1.2,2.0,0.8,0.02,0.05,0.2898550724637681,0.25,276,0.24463683914189427,0.20202020202020202,0.15384615384615385,99,2,1.2,2.0,0.8,0.02,0.05,0.1517367736449724
7741.T,3,1.2,2.0,0.6,0.05,0.02,0.25925925925925924,0.21,351,0.20977608956417435,0.25892857142857145,0.22597402597402597,112,3,1.2,2.0,0.6,0.05,0.02,0.20941502916905527
7751.T,5,1.2,1.5,0.8,0.05,0.05,0.2196969696969697,0.22524271844660193,264,0.22497257126296397,0.15294117647058825,0.14647887323943662,85,5,1.2,1.5,0.8,0.05,0.05,0.14427120350627817
7762.T,1,1.2,1.5,0.8,0.05,0.05,0.4528301886792453,0.6857142857142856,53,0.661274906256893,0.0,0.0,23,1,1.2,1.5,0.8,0.05,0.05,0.0
7776.T,1,1.2,1.5,0.6,0.05,0.02,0.23529411764705882,0.2526315789473684,51,0.24585861899294736,0.4,0.5517241379310345,50,1,1.2,1.5,0.6,0.05,0.02,0.5326936744847194
7794.T,1,1.2,2.0,1.0,0.05,0.05,0.6666666666666666,1.3,39,1.1987205117952817,0.38461538461538464,0.4166666666666667,65,1,1.2,2.0,1.0,0.05,0.05,0.37460015993602563
7832.T,2,1.2,2.0,0.8,0.05,0.05,0.23841059602649006,0.18782608695652173,302,0.18762581923752242,0.3835616438356164,0.39069767441860465,73,2,1.2,2.0,0.8,0.05,0.05,0.37293527033630985
7911.T,5,1.2,1.5,0.8,0.05,0.02,0.2202797202797203,0.227027027027027,286,0.22573790241617028,0.25252525252525254,0.2702702702702703,99,5,1.2,1.5,0.8,0.05,0.02,0.2699461188267159
7912.T,5,1.2,2.0,0.6,0.02,0.02,0.2993421052631579,0.25754716981132075,304,0.2560647102661283,0.27884615384615385,0.24857142857142855,104,5,1.2,2.0,0.6,0.02,0.02,0.2317526322804212
7936.T,5,1.2,2.0,0.8,0.02,0.02,0.36585365853658536,0.35195530726256985,287,0.3457847630178698,0.3707865168539326,0.3535714285714286,89,5,1.2,2.0,0.8,0.02,0.02,0.35319443651110993
7951.T,1,1.2,1.5,0.8,0.02,0.05,0.22527472527472528,0.23428571428571426,182,0.2323451133390797,0.234375,0.25,64,1,1.2,1.5,0.8,0.02,0.05,0.24460423828379968
7974.T,5,1.2,2.0,1.0,0.02,0.05,0.21292775665399238,0.16231884057971016,263,0.16214576971143912,0.32432432432432434,0.31304347826086953,74,5,1.2,2.0,1.0,0.02,0.05,0.28769292283086767
8001.T,1,1.2,2.0,0.8,0.02,0.05,0.3991228070175439,0.3985401459854015,228,0.3981152064721557,0.26582278481012656,0.225,79,1,1.2,2.0,0.8,0.02,0.05,0.21700974782500793
8002.T,5,1.2,2.0,1.0,0.05,0.02,0.35051546391752575,0.32380952380952377,291,0.3234642650876157,0.14606741573033707,0.10684931506849314,89,5,1.2,2.0,1.0,0.05,0.02,0.1025221490351228
8015.T,5,1.2,2.0,0.6,0.05,0.05,0.3453815261044177,0.31851851851851853,249,0.316226883479737,0.2235294117647059,0.18095238095238095,85,5,1.2,2.0,0.6,0.05,0.05,0.17254310397053305
8031.T,2,1.2,2.0,1.0,0.05,0.05,0.4117647058823529,0.4260869565217391,238,0.4195521791283487,0.20512820512820512,0.16,78,2,1.2,2.0,1.0,0.05,0.05,0.15467361442519767
8035.T,2,1.2,1.5,0.6,0.05,0.05,0.2326388888888889,0.24700460829493084,288,0.24224305106658048,0.14705882352941177,0.14285714285714285,68,2,1.2,1.5,0.6,0.05,0.05,0.13776560547018604
8053.T,5,1.2,2.0,0.6,0.02,0.02,0.3119266055045872,0.27443946188340806,327,0.2717099826735973,0.3118279569892473,0.2806451612903226,93,5,1.2,2.0,0.6,0.02,0.02,0.27158511595361856
8058.T,5,1.2,1.5,1.0,0.05,0.05,0.32113821138211385,0.3784431137724551,246,0.37798922411041463,0.21428571428571427,0.21818181818181817,70,5,1.2,1.5,1.0,0.05,0.05,0.21792013956193065
8105.T,5,1.2,1.5,0.6,0.02,0.02,0.30201342281879195,0.34951456310679613,298,0.34573868295883226,0.1836734693877551,0.18,98,5,1.2,1.5,0.6,0.02,0.02,0.17978411513859277
8113.T,5,1.2,2.0,1.0,0.02,0.05,0.27611940298507465,0.2288659793814433,268,0.2286219532805435,0.10588235294117647,0.072,85,5,1.2,2.0,1.0,0.02,0.05,0.07097687240893116
8136.T,5,1.2,2.0,1.0,0.05,0.02,0.3082706766917293,0.2733333333333333,266,0.2671062009978617,0.3617021276595745,0.36428571428571427,94,5,1.2,2.0,1.0,0.05,0.02,0.33963747834199653
8233.T,3,1.2,1.5,0.8,0.05,0.02,0.26855123674911663,0.2980392156862745,283,0.29336753087564255,0.1111111111111111,0.10126582278481013,90,3,1.2,1.5,0.8,0.05,0.02,0.09988006396588486
8267.T,3,1.2,2.0,0.6,0.02,0.05,0.25704225352112675,0.21159420289855072,284,0.2073616051209848,0.3132530120481928,0.28888888888888886,83,3,1.2,2.0,0.6,0.02,0.05,0.2733923974269941
8306.T,2,1.2,2.0,1.0,0.02,0.05,0.39271255060728744,0.39060402684563755,247,0.38758629881380785,0.125,0.09375,80,2,1.2,2.0,1.0,0.02,0.05,0.085622893699663
8308.T,2,1.2,2.0,1.0,0.05,0.05,0.3346613545816733,0.3111111111111111,251,0.3014746197329451,0.20689655172413793,0.1636363636363636,87,2,1.2,2.0,1.0,0.05,0.05,0.15635484936460198
8309.T,2,1.2,1.5,1.0,0.02,0.05,0.26119402985074625,0.28717948717948716,268,0.2824890698025026,0.19791666666666666,0.20266666666666666,96,2,1.2,1.5,1.0,0.02,0.05,0.19716584055603245
8316.T,5,1.2,2.0,0.6,0.02,0.05,0.3483606557377049,0.32075471698113206,244,0.3204127154169779,0.26744186046511625,0.2262295081967213,86,5,1.2,2.0,0.6,0.02,0.05,0.21881406167691653
8331.T,1,1.2,1.5,0.6,0.05,0.02,0.22608695652173913,0.23502824858757063,230,0.23342756522364108,0.27941176470588236,0.32340425531914896,68,1,1.2,1.5,0.6,0.05,0.02,0.3098320351594796
8359.T,1,1.2,1.5,0.6,0.05,0.02,0.2804878048780488,0.311864406779661,246,0.31149036897835286,0.11940298507462686,0.1103448275862069,67,1,1.2,1.5,0.6,0.05,0.02,0.10834447616638358
8411.T,2,1.2,2.0,0.6,0.05,0.05,0.370242214532872,0.35274725274725277,289,0.35237113945630544,0.19387755102040816,0.15,98,2,1.2,2.0,0.6,0.05,0.05,0.14414993496272377
8473.T,3,1.2,2.0,0.6,0.05,0.02,0.1891891891891892,0.14297872340425533,296,0.13985072637611626,0.29069767441860467,0.2542372881355932,86,3,1.2,2.0,0.6,0.05,0.02,0.24563944913837749
8591.T,2,1.2,2.0,1.0,0.02,0.02,0.288961038961039,0.24495412844036696,308,0.243575629109087,0.08849557522123894,0.058823529411764705,113,2,1.2,2.0,1.0,0.02,0.02,0.05819031610656708
8601.T,2,1.2,2.0,0.8,0.02,0.05,0.2684563758389262,0.2222222222222222,298,0.21994871776060224,0.4,0.4551724137931034,55,2,1.2,2.0,0.8,0.02,0.05,0.39957350393176067
8604.T,5,1.2,1.5,0.6,0.02,0.05,0.21908127208480566,0.22443438914027147,283,0.2241652114347461,0.20270270270270271,0.20689655172413793,74,5,1.2,1.5,0.6,0.02,0.05,0.20314589281196924
8630.T,5,1.2,2.0,1.0,0.02,0.05,0.28185328185328185,0.23804347826086955,259,0.2352327886049881,0.24705882352941178,0.2032258064516129,85,5,1.2,2.0,1.0,0.02,0.05,0.19666508396641347
8697.T,3,1.2,1.5,0.6,0.05,0.02,0.14733542319749215,0.13874538745387455,319,0.13806950018813496,0.19318181818181818,0.19428571428571428,88,3,1.2,1.5,0.6,0.05,0.02,0.1913195591459203
8725.T,3,1.2,2.0,0.6,0.05,0.05,0.296028880866426,0.25492227979274606,277,0.25203867171080285,0.20238095238095238,0.15454545454545454,84,3,1.2,2.0,0.6,0.05,0.05,0.15207648283969996
8729.T,2,1.2,2.0,1.0,0.05,0.02,0.38,0.37254901960784315,250,0.36734983425984447,0.45614035087719296,0.5379310344827586,57,2,1.2,2.0,1.0,0.05,0.02,0.5026892468818924
8750.T,5,1.2,1.5,1.0,0.05,0.02,0.23776223776223776,0.2506912442396313,286,0.24924199448367595,0.18888888888888888,0.1971014492753623,90,5,1.2,1.5,1.0,0.05,0.02,0.18607792738849782
8766.T,5,1.2,2.0,0.8,0.05,0.05,0.3534136546184739,0.3341772151898734,249,0.327600636763928,0.19736842105263158,0.14754098360655737,76,5,1.2,2.0,0.8,0.05,0.05,0.1473836694830265
8795.T,5,1.2,2.0,0.8,0.05,0.05,0.27208480565371024,0.22536585365853656,283,0.22403271701028324,0.38461538461538464,0.39473684210526316,65,5,1.2,2.0,0.8,0.05,0.05,0.37460015993602563
8801.T,2,1.2,2.0,1.0,0.05,0.05,0.33687943262411346,0.3081081081081081,282,0.30448783053623474,0.3068181818181818,0.26999999999999996,88,2,1.2,2.0,1.0,0.05,0.05,0.2652906050694477
8802.T,2,1.2,2.0,0.6,0.02,0.02,0.2691131498470948,0.22278481012658227,327,0.22068494777821085,0.2413793103448276,0.19384615384615383,87,2,1.2,2.0,0.6,0.02,0.02,0.19070553596743123
8830.T,5,1.2,2.0,0.8,0.05,0.02,0.32081911262798635,0.2834170854271357,293,0.28311489474561935,0.37037037037037035,0.36,81,5,1.2,2.0,0.8,0.05,0.02,0.352564856410377
9020.T,2,1.2,2.0,1.0,0.02,0.05,0.28807947019867547,0.2439252336448598,302,0.24253182447951055,0.29545454545454547,0.26440677966101694,88,2,1.2,2.0,1.0,0.02,0.05,0.2513446234409462
9021.T,1,1.2,1.5,0.6,0.02,0.02,0.1794871794871795,0.17777777777777778,234,0.17479011194029853,0.22058823529411764,0.22641509433962265,68,1,1.2,1.5,0.6,0.02,0.02,0.22614354105483367
9022.T,3,1.2,1.5,1.0,0.02,0.05,0.2366412213740458,0.24799999999999997,262,0.2477025586353945,0.17391304347826086,0.17066666666666666,92,3,1.2,1.5,1.0,0.02,0.05,0.1682190551004377
9023.T,5,1.2,2.0,0.6,0.02,0.02,0.3333333333333333,0.3040358744394619,339,0.29968012794882043,0.23529411764705882,0.187012987012987,102,5,1.2,2.0,0.6,0.02,0.02,0.18441854027619722
9024.T,5,1.2,2.0,0.8,0.05,0.02,0.32413793103448274,0.28775510204081634,290,0.2874482859917258,0.2828282828282828,0.24000000000000002,99,5,1.2,2.0,0.8,0.05,0.02,0.23636742486104154
9101.T,5,1.2,1.5,0.8,0.02,0.05,0.22962962962962963,0.23961352657004828,270,0.23817553714941778,0.18,0.17560975609756097,100,5,1.2,1.5,0.8,0.02,0.05,0.1753991367205783
9104.T,5,1.2,2.0,0.8,0.05,0.02,0.3392857142857143,0.3114754098360656,280,0.3077795908663562,0.24,0.19199999999999998,100,5,1.2,2.0,0.8,0.05,0.02,0.18927165975714977
9107.T,3,1.2,2.0,0.6,0.02,0.02,0.3221884498480243,0.28778280542986423,329,0.28489770011278004,0.3181818181818182,0.2876712328767123,110,3,1.2,2.0,0.6,0.02,0.02,0.27970145275223246
9143.T,2,1.2,1.5,1.0,0.05,0.05,0.23381294964028776,0.24761904761904763,278,0.2438386538134278,0.14018691588785046,0.1348314606741573,107,2,1.2,1.5,1.0,0.05,0.05,0.13027834430332808
9201.T,5,1.2,1.5,0.8,0.02,0.02,0.24067796610169492,0.25470852017937223,295,0.25326730505635087,0.1956521739130435,0.1972602739726027,92,5,1.2,1.5,0.8,0.02,0.02,0.19436120555523542
9202.T,3,1.2,2.0,1.0,0.05,0.02,0.3122923588039867,0.27378640776699026,301,0.27217325630134426,0.36363636363636365,0.3764705882352941,88,3,1.2,2.0,1.0,0.05,0.02,0.342491574798652
9227.T,5,1.2,2.0,0.6,0.02,0.05,0.3101851851851852,0.27162162162162157,216,0.2695109875512882,0.23076923076923078,0.18620689655172412,78,5,1.2,2.0,0.6,0.02,0.05,0.1798080767692923
9240.T,2,1.2,1.5,0.8,0.05,0.05,0.3422222222222222,0.43076923076923074,225,0.4157170229931424,0.21518987341772153,0.22295081967213112,79,2,1.2,1.5,0.8,0.05,0.05,0.2190917532154894
9418.T,1,1.2,1.5,0.8,0.05,0.05,0.31932773109243695,0.38,119,0.37485851167443207,0.31746031746031744,0.37209302325581395,63,1,1.2,1.5,0.8,0.05,0.05,0.37164674964050187
9432.T,3,1.2,2.0,0.6,0.05,0.02,0.5102040816326531,0.7377049180327869,147,0.6243335998933761,0.3333333333333333,0.3931034482758621,57,3,1.2,2.0,0.6,0.05,0.02,0.29968012794882043
9433.T,2,1.2,2.0,0.6,0.05,0.05,0.2677165354330709,0.2217391304347826,254,0.21912095376903004,0.3132530120481928,0.28888888888888886,83,2,1.2,2.0,0.6,0.05,0.05,0.2733923974269941
9434.T,3,1.2,2.0,0.8,0.02,0.05,0.4297520661157025,0.4622222222222222,242,0.45169178705329466,0.35294117647058826,0.33962264150943394,85,3,1.2,2.0,0.8,0.02,0.05,0.3269237759441679
9501.T,2,1.2,2.0,1.0,0.02,0.05,0.3925619834710744,0.3986013986013986,242,0.387341661974666,0.19230769230769232,0.14285714285714285,78,2,1.2,2.0,1.0,0.02,0.05,0.14270482283277167
9502.T,5,1.2,2.0,1.0,0.02,0.02,0.36395759717314485,0.34525139664804466,283,0.3429672575414279,0.2222222222222222,0.19636363636363635,81,5,1.2,2.0,1.0,0.02,0.02,0.171245787399326
9503.T,2,1.2,2.0,0.8,0.05,0.05,0.3287671232876712,0.2969072164948453,292,0.29356420697027313,0.23529411764705882,0.187012987012987,102,2,1.2,2.0,0.8,0.05,0.05,0.18441854027619722
9504.T,5,1.2,1.5,0.6,0.02,0.05,0.23,0.2410480349344978,300,0.23867443856782877,0.10989010989010989,0.1,91,5,1.2,1.5,0.6,0.02,0.05,0.0986469767564295
9509.T,2,1.2,2.0,0.8,0.02,0.02,0.2155688622754491,0.16615384615384612,334,0.16470968864362656,0.23958333333333334,0.19436619718309858,96,2,1.2,2.0,0.8,0.02,0.02,0.18883953268007866
9513.T,5,1.2,2.0,1.0,0.05,0.02,0.30526315789473685,0.2636363636363636,285,0.2633552639550241,0.2727272727272727,0.23478260869565215,66,5,1.2,2.0,1.0,0.05,0.02,0.22476009596161536
9602.T,2,1.2,2.0,1.0,0.05,0.02,0.40384615384615385,0.4144736842105263,260,0.40601823786614394,0.5,0.6153846153846154,80,2,1.2,2.0,1.0,0.05,0.02,0.599360255897641
9697.T,3,1.2,1.5,0.6,0.02,0.02,0.2598187311178248,0.28429752066115704,331,0.28047952656542363,0.25252525252525254,0.2702702702702703,99,3,1.2,1.5,0.6,0.02,0.02,0.2699461188267159
9831.T,1,1.2,1.5,1.0,0.05,0.02,0.2958579881656805,0.33613445378151263,169,0.3357313074483525,0.22448979591836735,0.23157894736842105,49,1,1.2,1.5,1.0,0.05,0.02,0.2313012007631018
9843.T,2,1.2,1.5,0.8,0.02,0.05,0.29276315789473684,0.33271028037383177,304,0.33076560718004666,0.3563218390804598,0.46792452830188674,87,2,1.2,1.5,0.8,0.02,0.05,0.44232599756320445
9861.T,3,1.2,1.5,0.8,0.02,0.02,0.17465753424657535,0.1692946058091286,292,0.16909156057295033,0.3333333333333333,0.4,75,3,1.2,1.5,0.8,0.02,0.02,0.3995202558635394
9962.T,2,1.2,1.5,1.0,0.05,0.05,0.2356902356902357,0.24778761061946902,297,0.24640015780130187,0.14084507042253522,0.13114754098360656,71,2,1.2,1.5,1.0,0.05,0.05,0.1309902478241113
9983.T,3,1.2,2.0,0.6,0.02,0.02,0.3230240549828179,0.29072164948453605,291,0.28598915763643784,0.2,0.15333333333333332,115,3,1.2,2.0,0.6,0.02,0.02,0.14984006397441024
9984.T,3,1.2,1.5,1.0,0.05,0.05,0.3456221198156682,0.42857142857142855,217,0.42202843929247125,0.06493506493506493,0.05714285714285714,77,3,1.2,1.5,1.0,0.05,0.05,0.05548892442549159
