mode,signal_mode,code,ATR_n,TPk,SLk,J_th,dJ_th,vEMA_th,TMAX,train_wins,train_losses,train_flats,train_trades,train_winrate,train_pf,train_pf_eff,train_exp_bp,train_slices_pass,train_slices_total,forward_wins,forward_losses,forward_flats,forward_trades,forward_winrate,forward_pf,forward_pf_eff,forward_exp_bp,forward_slices_pass,forward_slices_total
coarse,j-cross,1321.T,1,1.2,1.5,0.4,0.0,0.0,0,14,14,0,28,0.5,0.535456278848755,0.5354562788487551,-4.749290613981294,0,1,8,2,0,10,0.8,2.441378359002343,2.4413783590023437,4.359635143803154,1,1
coarse,j-cross,1357.T,1,1.5,1.0,0.6,0.0,0.0,0,6,13,0,19,0.3157894736842105,0.345246560230871,0.34524656023087097,-16.193525506457817,0,1,5,1,0,6,0.8333333333333334,5.660668632032094,5.6606686320320945,27.650367183210495,1,1
coarse,j-cross,1360.T,1,1.2,1.5,0.4,0.0,0.0,0,16,12,0,28,0.5714285714285714,0.949672910178886,0.9496729101788858,-0.9100606617402072,0,1,9,1,0,10,0.9,2.184477133914101,2.1844771339141014,11.448265707820974,1,1
coarse,j-cross,1458.T,1,1.5,1.0,0.4,0.0,0.0,0,11,15,0,26,0.4230769230769231,0.6110192865889291,0.6110192865889291,-7.526166381402226,0,1,5,5,0,10,0.5,1.3156447741567374,1.3156447741567374,5.060514359237938,1,1
coarse,j-cross,1540.T,3,1.5,2.0,0.6,0.0,0.0,0,8,12,0,20,0.4,0.3424864415179352,0.3424864415179352,-19.864685503426095,0,1,4,1,0,5,0.8,1.211210650452948,1.2112106504529483,1.912544552543439,1,1
coarse,j-cross,1541.T,1,1.2,1.0,0.4,0.0,0.0,0,0,0,0,0,0.0,0.0,0.0,0.0,0,1,0,0,0,0,0.0,0.0,0.0,0.0,0,1
coarse,j-cross,1542.T,3,1.5,1.0,0.4,0.0,0.0,0,2,1,0,3,0.6666666666666666,2.2122753858951723,2.212275385895172,32.31968943606664,0,1,3,0,0,3,1.0,999.0,999.0,128.22683377851794,0,1
coarse,j-cross,1570.T,1,1.5,1.0,0.6,0.0,0.0,0,10,10,0,20,0.5,0.838084391216591,0.838084391216591,-3.202236467726891,0,1,4,3,0,7,0.5714285714285714,1.5424923606680183,1.542492360668018,7.827134790971941,1,1
coarse,j-cross,1579.T,1,1.2,1.0,0.4,0.0,0.0,0,9,15,0,24,0.375,0.5280344732715081,0.5280344732715081,-9.662052907733175,0,1,9,1,0,10,0.9,6.333722158587007,6.333722158587009,19.13119418876812,1,1
coarse,j-cross,1605.T,1,1.5,2.0,0.4,0.0,0.0,0,13,13,0,26,0.5,0.4443912428597561,0.4443912428597561,-11.97923060333923,0,1,2,5,0,7,0.2857142857142857,0.27899832902208177,0.2789983290220817,-23.45751378722083,0,1
coarse,j-cross,1802.T,1,1.2,1.0,0.6,0.0,0.0,0,2,0,0,2,1.0,999.0,999.0,10.328467812321305,0,1,0,0,0,0,0.0,0.0,0.0,0.0,0,1
coarse,j-cross,1812.T,1,1.2,1.0,0.8,0.0,0.0,0,3,5,0,8,0.375,0.585273359263568,0.585273359263568,-6.834456912767125,0,1,0,0,0,0,0.0,0.0,0.0,0.0,0,1
coarse,j-cross,186A.T,1,1.5,1.0,0.6,0.0,0.0,0,2,2,0,4,0.5,1.0948290390425375,1.0948290390425375,6.2791675513161245,0,1,3,3,0,6,0.5,1.1620211862035126,1.1620211862035126,9.9041020292032,1,1
coarse,j-cross,1911.T,1,1.2,1.0,0.8,0.0,0.0,0,2,0,0,2,1.0,999.0,999.0,22.273348798573878,0,1,0,0,0,0,0.0,0.0,0.0,0.0,0,1
coarse,j-cross,1925.T,3,1.2,1.0,0.6,0.0,0.0,0,2,0,0,2,1.0,999.0,999.0,16.89133565932514,0,1,0,4,0,4,0.0,0.0,0.0,-20.746623598904435,0,1
coarse,j-cross,1928.T,5,1.2,2.0,1.0,0.0,0.0,0,2,0,0,2,1.0,999.0,999.0,10.886408580607185,0,1,0,0,0,0,0.0,0.0,0.0,0.0,0,1
coarse,j-cross,1942.T,1,1.2,1.0,0.6,0.0,0.0,0,0,0,0,0,0.0,0.0,0.0,0.0,0,1,1,5,0,6,0.16666666666666666,0.07651855627176517,0.07651855627176517,-39.73040776489092,0,1
coarse,j-cross,2036.T,5,1.5,1.0,0.4,0.0,0.0,0,2,2,0,4,0.5,1.8651841286365953,1.8651841286365953,33.33220876087769,0,1,4,1,0,5,0.8,4.363704792667303,4.363704792667304,22.757276790007506,1,1
coarse,j-cross,215A.T,5,1.2,1.0,0.6,0.0,0.0,0,8,7,0,15,0.5333333333333333,0.8468427047843514,0.8468427047843514,-4.141108751173252,0,1,0,3,0,3,0.0,0.0,0.0,-76.47476023355719,0,1
coarse,j-cross,2160.T,1,1.2,1.0,0.4,0.0,0.0,0,0,0,0,0,0.0,0.0,0.0,0.0,0,1,0,2,0,2,0.0,0.0,0.0,-34.996844816039655,0,1
coarse,j-cross,218A.T,1,1.2,1.0,0.8,0.0,0.0,0,1,0,0,1,1.0,999.0,999.0,52.0858369098719,0,1,1,1,0,2,0.5,1.3414283361611288,1.3414283361611288,12.591633274789658,0,1
coarse,j-cross,219A.T,1,1.5,1.0,0.6,0.0,0.0,0,3,6,0,9,0.3333333333333333,0.6236928946099941,0.623692894609994,-26.462552123772713,0,1,0,0,0,0,0.0,0.0,0.0,0.0,0,1
coarse,j-cross,2267.T,3,1.2,1.0,0.8,0.0,0.0,0,0,5,0,5,0.0,0.0,0.0,-19.984444344161634,0,1,0,0,0,0,0.0,0.0,0.0,0.0,0,1
coarse,j-cross,2269.T,1,1.2,1.0,0.4,0.0,0.0,0,0,0,0,0,0.0,0.0,0.0,0.0,0,1,4,0,0,4,1.0,999.0,999.0,3.002036304989711,0,1
coarse,j-cross,2413.T,1,1.5,2.0,0.6,0.0,0.0,0,16,4,0,20,0.8,1.964026899171273,1.9640268991712737,19.859174326860312,0,1,2,1,0,3,0.6666666666666666,1.1653068554081232,1.1653068554081227,5.103224950359222,0,1
coarse,j-cross,2432.T,1,1.5,1.0,0.4,0.0,0.0,0,3,5,0,8,0.375,0.5238116856795719,0.5238116856795719,-10.851415934085502,0,1,3,1,0,4,0.75,2.5799104467043676,2.579910446704367,8.23774176346777,0,1
coarse,j-cross,247A.T,5,1.5,1.0,0.4,0.0,0.0,0,1,3,0,4,0.25,0.45543568070220086,0.45543568070220086,-36.607272122576035,0,1,2,1,0,3,0.6666666666666666,2.4751889036297063,2.4751889036297063,45.16326423201125,0,1
coarse,j-cross,2502.T,1,1.2,1.0,0.4,0.0,0.0,0,14,10,0,24,0.5833333333333334,1.2819425165108183,1.2819425165108183,2.2815834811302955,0,1,5,3,0,8,0.625,0.3074125947996776,0.3074125947996776,-8.04202597140849,0,1
coarse,j-cross,2503.T,1,1.2,1.0,0.8,0.0,0.0,0,2,0,0,2,1.0,999.0,999.0,10.74074255535666,0,1,0,0,0,0,0.0,0.0,0.0,0.0,0,1
coarse,j-cross,2670.T,1,1.2,1.0,0.4,0.0,0.0,0,0,0,0,0,0.0,0.0,0.0,0.0,0,1,0,1,0,1,0.0,0.0,0.0,-69.36110078095948,0,1
coarse,j-cross,2726.T,1,1.2,1.0,0.4,0.0,0.0,0,1,0,0,1,1.0,999.0,999.0,123.2670920692807,0,1,0,4,0,4,0.0,0.0,0.0,-50.45889929115971,0,1
coarse,j-cross,2768.T,5,1.2,1.5,0.6,0.0,0.0,0,7,0,0,7,1.0,999.0,999.0,9.906036679328171,0,1,0,0,0,0,0.0,0.0,0.0,0.0,0,1
coarse,j-cross,2802.T,5,1.5,1.5,0.4,0.0,0.0,0,16,6,0,22,0.7272727272727273,1.9126687009541783,1.9126687009541785,9.683035231768871,0,1,0,4,0,4,0.0,0.0,0.0,-29.975424277002222,0,1
coarse,j-cross,285A.T,1,1.5,1.5,0.6,0.0,0.0,0,12,5,0,17,0.7058823529411765,1.7494410025025495,1.74944100250255,29.601632646014984,0,1,5,2,0,7,0.7142857142857143,3.144191817437813,3.144191817437813,41.33781916202765,1,1
coarse,j-cross,2897.T,1,1.5,1.5,0.4,0.0,0.0,0,3,7,0,10,0.3,0.5874967384538669,0.5874967384538667,-5.474903373543989,0,1,4,1,0,5,0.8,1.1723691376945955,1.1723691376945957,0.854534227567969,1,1
coarse,j-cross,290A.T,1,1.2,1.0,0.4,0.0,0.0,0,0,0,0,0,0.0,0.0,0.0,0.0,0,1,0,0,0,0,0.0,0.0,0.0,0.0,0,1
coarse,j-cross,2914.T,1,1.5,1.5,1.0,0.0,0.0,0,6,11,0,17,0.35294117647058826,0.17051680992435136,0.17051680992435142,-9.383622484120876,0,1,2,4,0,6,0.3333333333333333,0.14305715552197779,0.14305715552197776,-14.68377064793984,0,1
coarse,j-cross,3038.T,3,1.5,1.5,0.6,0.0,0.0,0,2,1,0,3,0.6666666666666666,1.3193163531256216,1.3193163531256213,9.071776123691302,0,1,4,3,0,7,0.5714285714285714,1.3766028918336868,1.3766028918336866,6.084256373859582,1,1
coarse,j-cross,3064.T,1,1.5,2.0,0.8,0.0,0.0,0,3,5,0,8,0.375,0.5150145688528044,0.5150145688528044,-15.63061113138396,0,1,0,3,0,3,0.0,0.0,0.0,-93.29412697862534,0,1
coarse,j-cross,3086.T,1,1.2,1.5,0.6,0.0,0.0,0,2,0,0,2,1.0,999.0,999.0,15.844567202512003,0,1,3,0,0,3,1.0,999.0,999.0,39.0494382974822,0,1
coarse,j-cross,3099.T,5,1.5,2.0,0.6,0.0,0.0,0,8,3,0,11,0.7272727272727273,1.9603176140634162,1.9603176140634166,16.775994619348676,0,1,0,0,0,0,0.0,0.0,0.0,0.0,0,1
coarse,j-cross,314A.T,1,1.2,1.0,0.4,0.0,0.0,0,0,0,0,0,0.0,0.0,0.0,0.0,0,1,0,0,0,0,0.0,0.0,0.0,0.0,0,1
coarse,j-cross,3349.T,1,1.2,1.0,0.4,0.0,0.0,0,0,0,0,0,0.0,0.0,0.0,0.0,0,1,0,0,0,0,0.0,0.0,0.0,0.0,0,1
coarse,j-cross,3350.T,5,1.5,1.5,0.8,0.0,0.0,0,7,3,0,10,0.7,2.0706725756771376,2.070672575677137,54.72474335351892,0,1,5,0,0,5,1.0,999.0,999.0,86.28420044434428,1,1
coarse,j-cross,3382.T,5,1.2,1.5,1.0,0.0,0.0,0,8,7,0,15,0.5333333333333333,0.46286037977176847,0.46286037977176847,-7.345809482343835,0,1,3,4,0,7,0.42857142857142855,0.20112578716133314,0.20112578716133317,-22.689175393583326,0,1
coarse,j-cross,3402.T,5,1.2,2.0,0.4,0.0,0.0,0,3,0,0,3,1.0,999.0,999.0,17.083814676976072,0,1,0,0,0,0,0.0,0.0,0.0,0.0,0,1
coarse,j-cross,3436.T,1,1.2,1.0,0.4,0.0,0.0,0,9,13,0,22,0.4090909090909091,0.7316970092413577,0.7316970092413579,-10.343597865911835,0,1,4,4,0,8,0.5,1.527734612770289,1.527734612770289,8.865912607077268,1,1
coarse,j-cross,3563.T,5,1.5,1.5,0.4,0.0,0.0,0,11,12,0,23,0.4782608695652174,0.70592590689414,0.70592590689414,-9.514427925807624,0,1,2,4,0,6,0.3333333333333333,0.17102438017271168,0.17102438017271168,-37.08287963575456,0,1
coarse,j-cross,3635.T,1,1.2,1.0,0.4,0.0,0.0,0,2,0,0,2,1.0,999.0,999.0,53.56495379118528,0,1,0,0,0,0,0.0,0.0,0.0,0.0,0,1
coarse,j-cross,3692.T,5,1.2,1.5,0.8,0.0,0.0,0,3,1,0,4,0.75,0.6748949746029996,0.6748949746029996,-27.08571946368311,0,1,8,1,0,9,0.8888888888888888,21.788769222359797,21.788769222359786,102.6035550919752,1,1
coarse,j-cross,3697.T,1,1.5,1.0,1.0,0.0,0.0,0,2,9,0,11,0.18181818181818182,0.4625512021398687,0.4625512021398688,-13.61332438752403,0,1,4,2,0,6,0.6666666666666666,1.0302833931652204,1.0302833931652204,0.7792535848586498,1,1
coarse,j-cross,3905.T,5,1.2,1.5,0.4,0.0,0.0,0,12,10,0,22,0.5454545454545454,0.6668605565337438,0.6668605565337437,-33.71837783990377,0,1,5,0,0,5,1.0,999.0,999.0,136.7623116481474,1,1
coarse,j-cross,4004.T,1,1.2,2.0,1.0,0.0,0.0,0,9,10,0,19,0.47368421052631576,0.3602634892512955,0.36026348925129537,-19.13268392534384,0,1,5,0,0,5,1.0,999.0,999.0,22.043367212463394,1,1
coarse,j-cross,4005.T,3,1.5,2.0,0.6,0.0,0.0,0,5,2,0,7,0.7142857142857143,1.6664691210615812,1.6664691210615814,9.754814678769447,0,1,1,1,0,2,0.5,1.2546195125067705,1.2546195125067705,7.7083029844288795,0,1
coarse,j-cross,402A.T,1,1.2,1.0,0.8,0.0,0.0,0,0,0,0,0,0.0,0.0,0.0,0.0,0,1,0,2,0,2,0.0,0.0,0.0,-44.9914249224594,0,1
coarse,j-cross,4062.T,5,1.5,2.0,0.8,0.0,0.0,0,11,10,0,21,0.5238095238095238,0.6719651660371984,0.6719651660371985,-10.769813699509573,0,1,4,1,0,5,0.8,2.3197409284644745,2.319740928464475,29.85672760155536,1,1
coarse,j-cross,4063.T,1,1.5,2.0,0.4,0.0,0.0,0,15,12,0,27,0.5555555555555556,0.7110609677274929,0.711060967727493,-6.607317414030124,0,1,3,7,0,10,0.3,0.12741018139332,0.12741018139332,-34.32133327900319,0,1
coarse,j-cross,4088.T,1,1.2,1.0,0.4,0.0,0.0,0,0,0,0,0,0.0,0.0,0.0,0.0,0,1,1,3,0,4,0.25,0.9077292883617188,0.9077292883617188,-3.3959720869420824,0,1
coarse,j-cross,4188.T,1,1.2,1.0,1.0,0.0,0.0,0,2,0,0,2,1.0,999.0,999.0,8.848029410868474,0,1,0,0,0,0,0.0,0.0,0.0,0.0,0,1
coarse,j-cross,4204.T,1,1.2,1.5,0.6,0.0,0.0,0,5,0,0,5,1.0,999.0,999.0,15.552170418319685,0,1,0,0,0,0,0.0,0.0,0.0,0.0,0,1
coarse,j-cross,423A.T,1,1.2,1.0,0.4,0.0,0.0,0,0,0,0,0,0.0,0.0,0.0,0.0,0,1,0,0,0,0,0.0,0.0,0.0,0.0,0,1
coarse,j-cross,4307.T,3,1.5,1.0,0.4,0.0,0.0,0,1,3,0,4,0.25,0.5009450227520785,0.5009450227520785,-11.015005671969448,0,1,2,0,0,2,1.0,999.0,999.0,23.34978797826821,0,1
coarse,j-cross,4385.T,5,1.5,1.0,1.0,0.0,0.0,0,2,6,0,8,0.25,0.2401335304442674,0.2401335304442674,-16.392671929632105,0,1,3,3,0,6,0.5,2.0270333773596425,2.0270333773596425,11.328161926881686,1,1
coarse,j-cross,4446.T,1,1.2,1.0,0.4,0.0,0.0,0,0,0,0,0,0.0,0.0,0.0,0.0,0,1,0,0,0,0,0.0,0.0,0.0,0.0,0,1
coarse,j-cross,4452.T,1,1.5,1.5,0.6,0.0,0.0,0,17,8,0,25,0.68,1.1530320498262956,1.1530320498262958,1.1852479405215275,0,1,2,5,0,7,0.2857142857142857,0.16723948910218484,0.1672394891021848,-14.598563328710915,0,1
coarse,j-cross,4502.T,1,1.5,2.0,0.4,0.0,0.0,0,12,16,0,28,0.42857142857142855,0.40946517818911154,0.40946517818911154,-9.624455689723208,0,1,4,3,0,7,0.5714285714285714,1.12235864700497,1.12235864700497,1.0457702861490967,1,1
coarse,j-cross,4503.T,3,1.5,1.0,0.8,0.0,0.0,0,7,10,0,17,0.4117647058823529,0.7889297148862079,0.7889297148862077,-3.2955026248481003,0,1,5,2,0,7,0.7142857142857143,1.3803479721737013,1.3803479721737018,3.671529446204656,1,1
coarse,j-cross,4506.T,5,1.5,2.0,1.0,0.0,0.0,0,6,2,0,8,0.75,3.6205430493326074,3.6205430493326074,42.16264675137182,0,1,5,0,0,5,1.0,999.0,999.0,48.8579269288115,1,1
coarse,j-cross,4507.T,1,1.2,1.0,0.4,0.0,0.0,0,0,0,0,0,0.0,0.0,0.0,0.0,0,1,1,1,0,2,0.5,1.7787659548829784,1.7787659548829784,7.831998737054496,0,1
coarse,j-cross,4519.T,5,1.2,2.0,0.8,0.0,0.0,0,8,5,0,13,0.6153846153846154,0.9586294441635351,0.9586294441635352,-0.90666877969108,0,1,6,0,0,6,1.0,999.0,999.0,27.631094155229324,1,1
coarse,j-cross,4523.T,1,1.5,2.0,0.4,0.0,0.0,0,8,8,0,16,0.5,0.38064502569909775,0.38064502569909775,-14.803876467475597,0,1,3,1,0,4,0.75,0.3704760579237774,0.3704760579237774,-19.484596282241668,0,1
coarse,j-cross,4528.T,1,1.2,1.0,0.6,0.0,0.0,0,0,0,0,0,0.0,0.0,0.0,0.0,0,1,0,3,0,3,0.0,0.0,0.0,-23.543412842349905,0,1
coarse,j-cross,4543.T,5,1.5,1.5,0.6,0.0,0.0,0,13,9,0,22,0.5909090909090909,1.6030270440705028,1.6030270440705034,8.78727669053638,0,1,3,1,0,4,0.75,1.1497868916398495,1.1497868916398495,1.7730350694326686,0,1
coarse,j-cross,4568.T,5,1.2,1.0,0.4,0.0,0.0,0,12,9,0,21,0.5714285714285714,0.7117895590276302,0.71178955902763,-5.803927438973486,0,1,5,1,0,6,0.8333333333333334,3.4408329426150615,3.4408329426150623,18.856972840308913,1,1
coarse,j-cross,4571.T,1,1.2,1.0,0.4,0.0,0.0,0,0,0,0,0,0.0,0.0,0.0,0.0,0,1,0,0,0,0,0.0,0.0,0.0,0.0,0,1
coarse,j-cross,4578.T,1,1.5,1.5,0.4,0.0,0.0,0,3,7,0,10,0.3,0.35062247901416854,0.3506224790141686,-21.452858028247164,0,1,4,1,0,5,0.8,1.9025203548502754,1.9025203548502756,4.055303033873353,1,1
coarse,j-cross,4588.T,1,1.2,1.0,0.6,0.0,0.0,0,0,0,0,0,0.0,0.0,0.0,0.0,0,1,4,1,0,5,0.8,4.218375373703835,4.218375373703837,51.962133306345564,1,1
coarse,j-cross,4592.T,1,1.2,1.5,0.6,0.0,0.0,0,9,5,0,14,0.6428571428571429,0.6713638084485472,0.6713638084485472,-18.520677407141385,0,1,6,1,0,7,0.8571428571428571,12.38145767870343,12.381457678703425,47.070002945763115,1,1
coarse,j-cross,4612.T,3,1.5,1.0,0.4,0.0,0.0,0,2,2,0,4,0.5,0.8871645676372691,0.8871645676372691,-1.9737929715050235,0,1,0,0,0,0,0.0,0.0,0.0,0.0,0,1
coarse,j-cross,4661.T,3,1.5,1.0,0.6,0.0,0.0,0,10,7,0,17,0.5882352941176471,1.4875708949509536,1.4875708949509534,6.825620069558621,0,1,6,2,0,8,0.75,2.6391064528292243,2.6391064528292243,12.552382717514488,1,1
coarse,j-cross,4680.T,1,1.2,1.0,0.4,0.0,0.0,0,0,0,0,0,0.0,0.0,0.0,0.0,0,1,1,0,0,1,1.0,999.0,999.0,1.3896713615027032,0,1
coarse,j-cross,4689.T,1,1.5,1.0,0.6,0.0,0.0,0,10,6,0,16,0.625,1.31293317592336,1.31293317592336,2.593209077262546,0,1,5,4,0,9,0.5555555555555556,0.43414165500263113,0.43414165500263113,-8.476780203969218,0,1
coarse,j-cross,4704.T,5,1.5,2.0,1.0,0.0,0.0,0,8,3,0,11,0.7272727272727273,1.4209092241698535,1.4209092241698538,9.005567167538262,0,1,0,0,0,0,0.0,0.0,0.0,0.0,0,1
coarse,j-cross,4751.T,1,1.2,2.0,0.4,0.0,0.0,0,1,0,0,1,1.0,999.0,999.0,50.41192576817712,0,1,2,1,0,3,0.6666666666666666,0.37408233587571493,0.3740823358757149,-19.414855564720227,0,1
coarse,j-cross,4755.T,5,1.2,1.5,0.6,0.0,0.0,0,8,7,0,15,0.5333333333333333,0.921894146848345,0.9218941468483451,-1.5631705970842866,0,1,5,0,0,5,1.0,999.0,999.0,33.97373361306283,1,1
coarse,j-cross,4814.T,1,1.2,1.0,0.4,0.0,0.0,0,0,0,0,0,0.0,0.0,0.0,0.0,0,1,0,0,0,0,0.0,0.0,0.0,0.0,0,1
coarse,j-cross,4889.T,1,1.2,1.0,0.4,0.0,0.0,0,0,0,0,0,0.0,0.0,0.0,0.0,0,1,1,1,0,2,0.5,0.7546844766667777,0.7546844766667777,-9.684803215140064,0,1
coarse,j-cross,4901.T,1,1.5,2.0,0.4,0.0,0.0,0,14,5,0,19,0.7368421052631579,0.9015693044389063,0.9015693044389061,-1.8120025421483097,0,1,5,4,0,9,0.5555555555555556,0.3317738392952088,0.3317738392952088,-18.771253419302624,0,1
coarse,j-cross,4911.T,1,1.2,2.0,0.4,0.0,0.0,0,0,3,0,3,0.0,0.0,0.0,-46.31724089847563,0,1,8,0,0,8,1.0,999.0,999.0,23.83014137900772,1,1
coarse,j-cross,5016.T,1,1.5,2.0,0.8,0.0,0.0,0,10,7,0,17,0.5882352941176471,1.4393088025520668,1.4393088025520668,14.064938168235143,0,1,5,2,0,7,0.7142857142857143,1.7565366352686818,1.756536635268682,22.915813361004762,1,1
coarse,j-cross,5020.T,1,1.5,2.0,0.4,0.0,0.0,0,12,8,0,20,0.6,0.6487184447311851,0.6487184447311851,-6.287050016154809,0,1,3,5,0,8,0.375,0.4035631486339935,0.4035631486339935,-23.493365591673324,0,1
coarse,j-cross,5076.T,3,1.2,1.0,0.4,0.0,0.0,0,5,0,0,5,1.0,999.0,999.0,59.73423763343568,0,1,0,0,0,0,0.0,0.0,0.0,0.0,0,1
coarse,j-cross,5108.T,5,1.2,1.0,0.4,0.0,0.0,0,11,8,0,19,0.5789473684210527,0.7214790770962916,0.7214790770962917,-2.890883943848404,0,1,4,1,0,5,0.8,6.792525584571429,6.792525584571432,19.643203665791756,1,1
coarse,j-cross,5253.T,1,1.2,1.0,0.4,0.0,0.0,0,0,0,0,0,0.0,0.0,0.0,0.0,0,1,0,2,0,2,0.0,0.0,0.0,-66.14737702614671,0,1
coarse,j-cross,5401.T,5,1.2,1.5,0.4,0.0,0.0,0,16,6,0,22,0.7272727272727273,1.5250827202478663,1.5250827202478665,5.873650074981184,0,1,6,1,0,7,0.8571428571428571,2.4339547353507034,2.4339547353507025,10.890644610694537,1,1
coarse,j-cross,5411.T,5,1.5,1.5,1.0,0.0,0.0,0,6,1,0,7,0.8571428571428571,3.0105301608696142,3.0105301608696124,8.75655408054227,0,1,2,3,0,5,0.4,0.24890105649584107,0.2489010564958411,-23.33015613558887,0,1
coarse,j-cross,5595.T,1,1.5,2.0,0.6,0.0,0.0,0,0,1,0,1,0.0,0.0,0.0,-426.08458920758386,0,1,4,1,0,5,0.8,9.147710334059344,9.147710334059347,46.07317519261697,1,1
coarse,j-cross,5631.T,5,1.5,2.0,1.0,0.0,0.0,0,3,6,0,9,0.3333333333333333,0.20445361155413855,0.20445361155413852,-71.22580061179845,0,1,5,1,0,6,0.8333333333333334,3.2836947174260374,3.2836947174260382,33.7314217492655,1,1
coarse,j-cross,5706.T,5,1.2,1.5,0.8,0.0,0.0,0,13,5,0,18,0.7222222222222222,1.3653594412500087,1.3653594412500087,10.015728943150652,0,1,7,0,0,7,1.0,999.0,999.0,69.27367721805815,1,1
coarse,j-cross,5711.T,3,1.2,2.0,0.6,0.0,0.0,0,3,0,0,3,1.0,999.0,999.0,83.96811219992344,0,1,2,0,0,2,1.0,999.0,999.0,18.138887504222986,0,1
coarse,j-cross,5713.T,1,1.5,1.0,0.4,0.0,0.0,0,10,14,0,24,0.4166666666666667,1.1042319177577522,1.1042319177577524,2.89418215439783,0,1,3,4,0,7,0.42857142857142855,0.550340428393582,0.5503404283935819,-12.419094950301586,0,1
coarse,j-cross,5726.T,1,1.2,2.0,0.6,0.0,0.0,0,6,3,0,9,0.6666666666666666,1.5269978638348776,1.5269978638348771,27.499421083221243,0,1,2,1,0,3,0.6666666666666666,1.673615579188198,1.6736155791881975,25.537673344546786,0,1
coarse,j-cross,5801.T,5,1.5,1.5,0.4,0.0,0.0,0,13,13,0,26,0.5,0.9265327272614692,0.9265327272614691,-2.68448657690057,0,1,9,2,0,11,0.8181818181818182,4.338131099645186,4.338131099645188,42.00417178185836,1,1
coarse,j-cross,5802.T,1,1.2,1.5,0.4,0.0,0.0,0,13,11,0,24,0.5416666666666666,0.49162860872649644,0.4916286087264964,-11.585055457799163,0,1,4,6,0,10,0.4,0.42307266107405184,0.42307266107405184,-16.081443227112267,0,1
coarse,j-cross,5803.T,5,1.2,1.0,0.4,0.0,0.0,0,10,17,0,27,0.37037037037037035,0.604997036595715,0.6049970365957149,-12.884719275789177,0,1,5,2,0,7,0.7142857142857143,2.3246354529585727,2.3246354529585727,18.655864878252913,1,1
coarse,j-cross,5838.T,1,1.2,2.0,0.8,0.0,0.0,0,7,11,0,18,0.3888888888888889,0.3360334360454243,0.3360334360454243,-23.889566475512048,0,1,5,2,0,7,0.7142857142857143,3.162104140855939,3.1621041408559396,14.020142800223178,1,1
coarse,j-cross,6098.T,5,1.5,1.5,0.4,0.0,0.0,0,13,10,0,23,0.5652173913043478,1.0074472218130563,1.0074472218130561,0.1660270338933207,0,1,3,2,0,5,0.6,1.9518607923137787,1.9518607923137787,14.001791393132851,1,1
coarse,j-cross,6141.T,1,1.2,1.0,0.4,0.0,0.0,0,0,0,0,0,0.0,0.0,0.0,0.0,0,1,3,0,0,3,1.0,999.0,999.0,13.75392107397945,0,1
coarse,j-cross,6146.T,5,1.5,1.0,0.6,0.0,0.0,0,9,4,0,13,0.6923076923076923,2.914233093139524,2.9142330931395235,26.534710223936223,0,1,2,7,0,9,0.2222222222222222,0.2792676655824397,0.2792676655824397,-27.642447114842735,0,1
coarse,j-cross,6178.T,1,1.5,1.5,0.6,0.0,0.0,0,13,8,0,21,0.6190476190476191,1.5415019414349023,1.5415019414349025,5.34718487275546,0,1,1,3,0,4,0.25,0.02020298113265476,0.02020298113265476,-27.272676680540673,0,1
coarse,j-cross,6232.T,1,1.5,1.0,0.8,0.0,0.0,0,2,1,0,3,0.6666666666666666,2.634205362694662,2.634205362694661,55.99154171583228,0,1,0,0,0,0,0.0,0.0,0.0,0.0,0,1
coarse,j-cross,6268.T,1,1.5,2.0,0.6,0.0,0.0,0,3,0,0,3,1.0,999.0,999.0,20.96108735257103,0,1,4,1,0,5,0.8,2.341068080965742,2.341068080965743,10.783828613704557,1,1
coarse,j-cross,6301.T,1,1.2,1.5,0.4,0.0,0.0,0,18,7,0,25,0.72,0.8896065680265455,0.8896065680265455,-1.1056056894994186,0,1,3,7,0,10,0.3,0.15991374870855926,0.15991374870855923,-23.86962280421869,0,1
coarse,j-cross,6315.T,1,1.5,2.0,0.4,0.0,0.0,0,9,9,0,18,0.5,0.9958407968114125,0.9958407968114125,-0.25657231665268654,0,1,10,2,0,12,0.8333333333333334,5.897911616883499,5.8979116168834995,52.49964359078984,1,1
coarse,j-cross,6323.T,1,1.5,1.5,0.4,0.0,0.0,0,9,6,0,15,0.6,1.7431502432536987,1.7431502432536987,26.7095884702073,0,1,1,2,0,3,0.3333333333333333,0.22661908752257204,0.22661908752257204,-92.05907896576771,0,1
coarse,j-cross,6324.T,3,1.5,1.0,1.0,0.0,0.0,0,1,0,0,1,1.0,999.0,999.0,56.51686980353743,0,1,3,2,0,5,0.6,2.7983615752642828,2.7983615752642823,66.41620348597468,1,1
coarse,j-cross,6326.T,5,1.5,1.0,0.6,0.0,0.0,0,7,4,0,11,0.6363636363636364,2.860760958898103,2.860760958898103,21.020045950302844,0,1,0,6,0,6,0.0,0.0,0.0,-47.988059417249104,0,1
coarse,j-cross,6330.T,1,1.5,2.0,0.4,0.0,0.0,0,0,0,0,0,0.0,0.0,0.0,0.0,0,1,3,2,0,5,0.6,1.1375068265219128,1.1375068265219128,14.42069737680489,1,1
coarse,j-cross,6361.T,1,1.2,1.5,0.8,0.0,0.0,0,5,10,0,15,0.3333333333333333,0.24307255234654743,0.24307255234654737,-21.896795836625312,0,1,4,1,0,5,0.8,3.679382403813529,3.6793824038135305,31.288539946548063,1,1
coarse,j-cross,6367.T,3,1.2,1.0,0.4,0.0,0.0,0,17,9,0,26,0.6538461538461539,0.6364578133076457,0.6364578133076457,-4.968169422669506,0,1,5,3,0,8,0.625,1.146945579474631,1.146945579474631,1.6493706255851057,1,1
coarse,j-cross,6501.T,5,1.5,1.0,0.6,0.0,0.0,0,10,9,0,19,0.5263157894736842,0.9257988492897646,0.9257988492897647,-1.6934938610814456,0,1,4,2,0,6,0.6666666666666666,1.7941208056925306,1.7941208056925304,11.658040394771055,1,1
coarse,j-cross,6503.T,3,1.5,1.0,0.6,0.0,0.0,0,10,6,0,16,0.625,1.3007719448927988,1.3007719448927988,3.439501886556611,0,1,5,2,0,7,0.7142857142857143,2.8194971673174463,2.8194971673174463,17.65733786225406,1,1
coarse,j-cross,6506.T,3,1.5,1.0,0.4,0.0,0.0,0,7,12,0,19,0.3684210526315789,0.642317163955129,0.642317163955129,-10.789927962050701,0,1,4,3,0,7,0.5714285714285714,1.920345861516666,1.9203458615166655,35.83398993757618,1,1
coarse,j-cross,6525.T,3,1.2,2.0,0.8,0.0,0.0,0,6,6,0,12,0.5,0.6954765432676959,0.6954765432676959,-19.21734670453399,0,1,6,0,0,6,1.0,999.0,999.0,50.49949052404612,1,1
coarse,j-cross,6526.T,3,1.2,2.0,0.6,0.0,0.0,0,13,9,0,22,0.5909090909090909,0.6846145216532711,0.6846145216532711,-14.736692390707871,0,1,6,0,0,6,1.0,999.0,999.0,53.86561703384039,1,1
coarse,j-cross,6532.T,1,1.5,1.0,0.8,0.0,0.0,0,9,12,0,21,0.42857142857142855,0.676370300095095,0.676370300095095,-5.288837238127262,0,1,4,2,0,6,0.6666666666666666,2.6354320227458223,2.635432022745822,14.744043629666047,1,1
coarse,j-cross,6590.T,5,1.5,1.0,0.6,0.0,0.0,0,6,8,0,14,0.42857142857142855,0.7381367445915714,0.7381367445915714,-9.096428127777449,0,1,5,2,0,7,0.7142857142857143,3.8752945635245912,3.8752945635245917,56.503633857453394,1,1
coarse,j-cross,6594.T,1,1.2,2.0,0.4,0.0,0.0,0,19,7,0,26,0.7307692307692307,0.9460354883319565,0.9460354883319563,-0.9693985007243633,0,1,4,2,0,6,0.6666666666666666,1.4684103055210913,1.468410305521091,6.025017866388221,1,1
coarse,j-cross,6701.T,5,1.2,1.0,0.6,0.0,0.0,0,8,12,0,20,0.4,0.38208688253663253,0.38208688253663253,-15.200725337386654,0,1,5,2,0,7,0.7142857142857143,2.0686657900630787,2.068665790063079,10.892919589411198,1,1
coarse,j-cross,6702.T,3,1.2,1.0,0.4,0.0,0.0,0,5,10,0,15,0.3333333333333333,0.30686807064041083,0.3068680706404108,-19.042379941574243,0,1,5,3,0,8,0.625,1.1416493415194862,1.1416493415194862,2.0207137830093322,1,1
coarse,j-cross,6723.T,1,1.5,1.5,0.6,0.0,0.0,0,10,15,0,25,0.4,0.47361560635758954,0.4736156063575896,-18.90466932602323,0,1,4,3,0,7,0.5714285714285714,1.3691939774584287,1.3691939774584285,8.18201756518437,1,1
coarse,j-cross,6752.T,1,1.5,1.5,0.6,0.0,0.0,0,15,5,0,20,0.75,3.2618895392087275,3.2618895392087284,22.832238167433793,0,1,5,1,0,6,0.8333333333333334,5.247763160709223,5.2477631607092246,23.45660446299115,1,1
coarse,j-cross,6754.T,1,1.5,1.0,1.0,0.0,0.0,0,1,1,0,2,0.5,0.5409675422749289,0.5409675422749289,-6.649052061307319,0,1,0,0,0,0,0.0,0.0,0.0,0.0,0,1
coarse,j-cross,6758.T,5,1.5,1.5,0.4,0.0,0.0,0,8,10,0,18,0.4444444444444444,0.4412972072363989,0.4412972072363988,-20.106361498469052,0,1,8,1,0,9,0.8888888888888888,4.969417186597692,4.969417186597689,23.257248472445283,1,1
coarse,j-cross,6762.T,5,1.2,1.5,0.6,0.0,0.0,0,12,10,0,22,0.5454545454545454,0.5193663012873136,0.5193663012873135,-11.834337584621146,0,1,6,0,0,6,1.0,999.0,999.0,41.59620630993746,1,1
coarse,j-cross,6814.T,1,1.5,1.0,0.8,0.0,0.0,0,3,2,0,5,0.6,3.012062275190366,3.012062275190366,51.69707970101448,0,1,3,3,0,6,0.5,1.2798381742535514,1.2798381742535514,9.763621252821892,1,1
coarse,j-cross,6857.T,1,1.5,2.0,0.4,0.0,0.0,0,12,11,0,23,0.5217391304347826,0.48048318373510324,0.4804831837351033,-24.543027733110968,0,1,2,6,0,8,0.25,0.19464776169668652,0.19464776169668652,-50.65122839057653,0,1
coarse,j-cross,6861.T,1,1.5,1.0,1.0,0.0,0.0,0,13,7,0,20,0.65,2.0930931305204914,2.0930931305204914,7.1807177285669415,0,1,4,1,0,5,0.8,3.1408871377455903,3.1408871377455916,9.175661858521105,1,1
coarse,j-cross,6869.T,3,1.2,1.5,0.8,0.0,0.0,0,2,0,0,2,1.0,999.0,999.0,35.19736099220847,0,1,0,0,0,0,0.0,0.0,0.0,0.0,0,1
coarse,j-cross,6871.T,1,1.5,1.0,1.0,0.0,0.0,0,4,8,0,12,0.3333333333333333,0.7087517894754908,0.7087517894754906,-10.076552964607894,0,1,5,3,0,8,0.625,3.7468777562262945,3.7468777562262945,28.487359700424197,1,1
coarse,j-cross,6902.T,5,1.5,1.5,0.4,0.0,0.0,0,9,13,0,22,0.4090909090909091,0.3703919077593662,0.3703919077593662,-14.058533141087127,0,1,3,6,0,9,0.3333333333333333,0.2458092102002055,0.24580921020020546,-22.61956604834402,0,1
coarse,j-cross,6920.T,5,1.2,2.0,0.4,0.0,0.0,0,13,12,0,25,0.52,0.5444665344460418,0.5444665344460418,-25.687572246963036,0,1,10,1,0,11,0.9090909090909091,3.9844781180899274,3.984478118089925,31.174806258225853,1,1
coarse,j-cross,6954.T,5,1.5,1.5,0.4,0.0,0.0,0,8,8,0,16,0.5,0.6418764994083281,0.6418764994083281,-7.869326211612255,0,1,3,2,0,5,0.6,1.5734424363293449,1.5734424363293449,15.264758178025057,1,1
coarse,j-cross,6963.T,1,1.2,2.0,0.4,0.0,0.0,0,8,10,0,18,0.4444444444444444,0.4934978545667315,0.4934978545667315,-19.2846819847608,0,1,2,2,0,4,0.5,0.08696332112892977,0.08696332112892977,-54.11867658486707,0,1
coarse,j-cross,6965.T,1,1.2,1.5,0.4,0.0,0.0,0,4,0,0,4,1.0,999.0,999.0,79.23825863263998,0,1,0,0,0,0,0.0,0.0,0.0,0.0,0,1
coarse,j-cross,6971.T,1,1.5,2.0,0.4,0.0,0.0,0,6,5,0,11,0.5454545454545454,0.444018254091646,0.44401825409164597,-14.180350021759985,0,1,4,0,0,4,1.0,999.0,999.0,22.74684754218589,0,1
coarse,j-cross,6976.T,3,1.5,1.5,0.4,0.0,0.0,0,5,5,0,10,0.5,0.6571961141600473,0.6571961141600474,-12.04230054493081,0,1,0,1,0,1,0.0,0.0,0.0,-48.31700606915217,0,1
coarse,j-cross,6981.T,5,1.5,1.0,0.6,0.0,0.0,0,5,13,0,18,0.2777777777777778,0.28666567802679105,0.2866656780267911,-19.67729359299734,0,1,6,1,0,7,0.8571428571428571,5.957281687103631,5.957281687103628,22.490291007060154,1,1
coarse,j-cross,6988.T,3,1.5,1.0,0.4,0.0,0.0,0,3,10,0,13,0.23076923076923078,0.16942596147592792,0.16942596147592798,-21.492588857331842,0,1,4,2,0,6,0.6666666666666666,2.812069442321905,2.8120694423219046,19.452527237537772,1,1
coarse,j-cross,7003.T,1,1.5,1.0,1.0,0.0,0.0,0,5,11,0,16,0.3125,0.6672352005067009,0.6672352005067009,-6.487163186641007,0,1,5,1,0,6,0.8333333333333334,4.96569617394628,4.965696173946282,26.00701064544081,1,1
coarse,j-cross,7011.T,3,1.2,1.5,0.4,0.0,0.0,0,9,14,0,23,0.391304347826087,0.4137227026935672,0.4137227026935672,-23.022750687453684,0,1,7,1,0,8,0.875,4.483129990358409,4.483129990358409,33.04110362600298,1,1
coarse,j-cross,7012.T,5,1.2,2.0,0.8,0.0,0.0,0,6,8,0,14,0.42857142857142855,0.4193052792252293,0.4193052792252293,-24.280071621475177,0,1,8,0,0,8,1.0,999.0,999.0,43.480489252388544,1,1
coarse,j-cross,7013.T,1,1.2,2.0,1.0,0.0,0.0,0,5,9,0,14,0.35714285714285715,0.3666601222625346,0.36666012226253464,-40.00670421857749,0,1,4,1,0,5,0.8,3.066496903212124,3.066496903212125,27.850733057556578,1,1
coarse,j-cross,7182.T,1,1.2,1.5,1.0,0.0,0.0,0,8,7,0,15,0.5333333333333333,0.9327235228620538,0.9327235228620538,-0.7714894020903726,0,1,3,2,0,5,0.6,1.310776656226414,1.310776656226414,2.0664165217301367,1,1
coarse,j-cross,7201.T,5,1.2,2.0,1.0,0.0,0.0,0,7,4,0,11,0.6363636363636364,0.5234020162363364,0.5234020162363365,-16.001324598147427,0,1,5,1,0,6,0.8333333333333334,1.8993494484279805,1.899349448427981,12.072779245931818,1,1
coarse,j-cross,7202.T,5,1.2,1.5,0.6,0.0,0.0,0,2,2,0,4,0.5,0.3161317755241964,0.3161317755241964,-13.563244270127974,0,1,0,0,0,0,0.0,0.0,0.0,0.0,0,1
coarse,j-cross,7203.T,1,1.5,2.0,0.4,0.0,0.0,0,14,11,0,25,0.56,0.6375625103125735,0.6375625103125735,-6.133580450698743,0,1,4,1,0,5,0.8,1.3126733372771284,1.312673337277129,4.516362117919858,1,1
coarse,j-cross,7259.T,5,1.5,1.0,0.6,0.0,0.0,0,4,5,0,9,0.4444444444444444,0.9690024910393245,0.9690024910393243,-0.5033834289483303,0,1,0,0,0,0,0.0,0.0,0.0,0.0,0,1
coarse,j-cross,7261.T,1,1.2,2.0,0.6,0.0,0.0,0,10,2,0,12,0.8333333333333334,2.9767728788810612,2.976772878881062,15.232441142860816,0,1,2,0,0,2,1.0,999.0,999.0,33.246614789524386,0,1
coarse,j-cross,7267.T,1,1.5,1.5,0.4,0.0,0.0,0,16,10,0,26,0.6153846153846154,0.9807399563697111,0.9807399563697112,-0.21340198711969946,0,1,3,4,0,7,0.42857142857142855,0.4446760997273944,0.4446760997273944,-12.939332376655058,0,1
coarse,j-cross,7269.T,1,1.2,1.0,0.6,0.0,0.0,0,8,13,0,21,0.38095238095238093,0.44084016994230973,0.44084016994230973,-10.327288550038592,0,1,2,7,0,9,0.2222222222222222,0.10285696990770267,0.10285696990770268,-23.053650307440215,0,1
coarse,j-cross,7270.T,5,1.2,1.0,0.6,0.0,0.0,0,12,8,0,20,0.6,1.0155965235579314,1.0155965235579314,0.19073159559952338,0,1,6,2,0,8,0.75,1.9312581666096738,1.9312581666096738,8.587682605806695,1,1
coarse,j-cross,7272.T,1,1.2,1.0,1.0,0.0,0.0,0,3,0,0,3,1.0,999.0,999.0,28.281370144787374,0,1,0,2,0,2,0.0,0.0,0.0,-31.0436090634513,0,1
coarse,j-cross,7453.T,1,1.2,1.5,0.6,0.0,0.0,0,5,13,0,18,0.2777777777777778,0.25619418344187295,0.25619418344187295,-26.036046280988426,0,1,4,2,0,6,0.6666666666666666,1.5961865328476745,1.5961865328476743,10.820136796214785,1,1
coarse,j-cross,7532.T,1,1.5,1.5,0.8,0.0,0.0,0,9,5,0,14,0.6428571428571429,1.048427905166159,1.048427905166159,0.7438587194745833,0,1,2,4,0,6,0.3333333333333333,0.21990135935545116,0.21990135935545113,-33.97583966759529,0,1
coarse,j-cross,7711.T,5,1.2,2.0,0.8,0.0,0.0,0,4,1,0,5,0.8,3.844886415834032,3.8448864158340323,136.19801217017067,0,1,3,2,0,5,0.6,1.191181105951978,1.1911811059519777,24.177348031678235,1,1
coarse,j-cross,7733.T,5,1.2,2.0,0.4,0.0,0.0,0,5,1,0,6,0.8333333333333334,1.8232221555274248,1.8232221555274255,8.38082146006727,0,1,0,0,0,0,0.0,0.0,0.0,0.0,0,1
coarse,j-cross,7735.T,1,1.5,1.5,0.6,0.0,0.0,0,18,6,0,24,0.75,2.0954480416910806,2.0954480416910806,21.399525475405,0,1,7,2,0,9,0.7777777777777778,3.2068661058361836,3.206866105836184,32.48260192545646,1,1
coarse,j-cross,7741.T,5,1.5,1.0,0.8,0.0,0.0,0,11,6,0,17,0.6470588235294118,1.476188580157251,1.4761885801572512,5.519163380049447,0,1,0,8,0,8,0.0,0.0,0.0,-32.142007301253805,0,1
coarse,j-cross,7751.T,1,1.5,1.5,0.4,0.0,0.0,0,13,14,0,27,0.48148148148148145,0.6872152228759909,0.6872152228759908,-4.596423680526015,0,1,4,6,0,10,0.4,0.2820973930644412,0.2820973930644412,-15.98865594205246,0,1
coarse,j-cross,7762.T,3,1.5,1.0,1.0,0.0,0.0,0,1,1,0,2,0.5,0.40633116839612454,0.40633116839612454,-7.705924488731892,0,1,0,0,0,0,0.0,0.0,0.0,0.0,0,1
coarse,j-cross,7832.T,3,1.5,1.5,0.6,0.0,0.0,0,14,3,0,17,0.8235294117647058,3.7327135306081485,3.7327135306081476,24.696600261251774,0,1,0,0,0,0,0.0,0.0,0.0,0.0,0,1
coarse,j-cross,7936.T,3,1.5,2.0,0.4,0.0,0.0,0,12,6,0,18,0.6666666666666666,1.2861012590110605,1.2861012590110603,5.4554136952023145,0,1,9,1,0,10,0.9,8.648023843423012,8.648023843423013,32.405972228717175,1,1
coarse,j-cross,7974.T,1,1.5,1.5,0.8,0.0,0.0,0,12,7,0,19,0.631578947368421,0.885488280908184,0.885488280908184,-1.7898952293939756,0,1,2,4,0,6,0.3333333333333333,0.13839123547590074,0.13839123547590074,-26.3350854691478,0,1
coarse,j-cross,8001.T,3,1.2,1.0,0.4,0.0,0.0,0,15,10,0,25,0.6,0.6551897486280713,0.6551897486280713,-4.605633329453159,0,1,3,8,0,11,0.2727272727272727,0.16304857075261098,0.16304857075261098,-22.454486486874682,0,1
coarse,j-cross,8002.T,1,1.2,2.0,0.4,0.0,0.0,0,18,9,0,27,0.6666666666666666,0.6407217696447624,0.6407217696447622,-6.813586437713918,0,1,9,1,0,10,0.9,2.580083531403943,2.5800835314039436,9.788930765797247,1,1
coarse,j-cross,8015.T,1,1.5,1.5,0.8,0.0,0.0,0,3,2,0,5,0.6,1.1120045627566657,1.1120045627566655,1.4703852645028768,0,1,0,4,0,4,0.0,0.0,0.0,-63.875051347538,0,1
coarse,j-cross,8031.T,1,1.2,2.0,0.4,0.0,0.0,0,21,9,0,30,0.7,0.7919395597879234,0.7919395597879233,-2.696363272354922,0,1,5,3,0,8,0.625,0.3626817877759885,0.36268178777598853,-13.910971622282812,0,1
coarse,j-cross,8035.T,3,1.5,1.5,0.4,0.0,0.0,0,11,10,0,21,0.5238095238095238,0.8763064744407992,0.8763064744407995,-4.679984889058279,0,1,8,2,0,10,0.8,4.601538815652972,4.601538815652973,42.9099938218301,1,1
coarse,j-cross,8053.T,1,1.5,1.0,0.4,0.0,0.0,0,13,17,0,30,0.43333333333333335,0.5492573248047827,0.5492573248047827,-6.585632336763505,0,1,3,5,0,8,0.375,0.20863661937554015,0.20863661937554015,-15.585242037335064,0,1
coarse,j-cross,8058.T,5,1.2,1.0,0.4,0.0,0.0,0,16,13,0,29,0.5517241379310345,0.8669691386748133,0.8669691386748133,-1.7519933841917135,0,1,5,2,0,7,0.7142857142857143,1.0308164206193444,1.0308164206193446,0.2851585114797461,1,1
coarse,j-cross,8105.T,1,1.5,1.5,0.4,0.0,0.0,0,2,1,0,3,0.6666666666666666,4.382483156744714,4.382483156744713,200.3909964846364,0,1,0,0,0,0,0.0,0.0,0.0,0.0,0,1
coarse,j-cross,8113.T,1,1.5,1.0,0.8,0.0,0.0,0,2,1,0,3,0.6666666666666666,4.066047295791836,4.066047295791835,13.423691218000778,0,1,0,0,0,0,0.0,0.0,0.0,0.0,0,1
coarse,j-cross,8136.T,3,1.5,1.5,1.0,0.0,0.0,0,5,5,0,10,0.5,0.9478514004553764,0.9478514004553765,-1.8526213845955397,0,1,5,2,0,7,0.7142857142857143,2.5173441656236566,2.5173441656236566,26.66929747310325,1,1
coarse,j-cross,8233.T,1,1.2,1.5,1.0,0.0,0.0,0,7,3,0,10,0.7,1.1095435629909116,1.1095435629909114,1.4198302824747993,0,1,0,1,0,1,0.0,0.0,0.0,-47.051200462829044,0,1
coarse,j-cross,8267.T,3,1.5,1.0,0.4,0.0,0.0,0,6,16,0,22,0.2727272727272727,0.500741780648867,0.5007417806488669,-12.065170437031394,0,1,7,2,0,9,0.7777777777777778,2.2936240006849227,2.2936240006849227,17.61069330394653,1,1
coarse,j-cross,8306.T,5,1.2,2.0,0.8,0.0,0.0,0,12,7,0,19,0.631578947368421,0.4820096307785965,0.48200963077859643,-11.07989235494565,0,1,7,0,0,7,1.0,999.0,999.0,17.069966961430012,1,1
coarse,j-cross,8308.T,5,1.2,2.0,0.6,0.0,0.0,0,10,10,0,20,0.5,0.565236546141508,0.565236546141508,-14.075828927399694,0,1,8,0,0,8,1.0,999.0,999.0,28.998055168670028,1,1
coarse,j-cross,8309.T,3,1.2,2.0,0.4,0.0,0.0,0,16,10,0,26,0.6153846153846154,0.6882441289662098,0.6882441289662099,-5.864354577077113,0,1,7,0,0,7,1.0,999.0,999.0,25.20578116475328,1,1
coarse,j-cross,8316.T,5,1.5,1.5,0.4,0.0,0.0,0,8,14,0,22,0.36363636363636365,0.38063678564114023,0.38063678564114023,-15.866105891058458,0,1,7,1,0,8,0.875,5.372924473296776,5.372924473296776,21.550563977722646,1,1
coarse,j-cross,8411.T,3,1.2,1.5,0.4,0.0,0.0,0,15,11,0,26,0.5769230769230769,0.7290982614973917,0.7290982614973914,-5.765242427405702,0,1,7,1,0,8,0.875,2.896574856300204,2.896574856300204,11.938028843027613,1,1
coarse,j-cross,8473.T,3,1.5,1.5,0.6,0.0,0.0,0,8,14,0,22,0.36363636363636365,0.48593612349537646,0.4859361234953765,-15.424123802701734,0,1,4,2,0,6,0.6666666666666666,1.3126269153416956,1.3126269153416954,12.401068685780187,1,1
coarse,j-cross,8591.T,1,1.5,1.0,0.6,0.0,0.0,0,8,15,0,23,0.34782608695652173,0.27643041775064786,0.27643041775064786,-11.183753313503733,0,1,5,1,0,6,0.8333333333333334,1.600775959421792,1.6007759594217923,4.027543524602088,1,1
coarse,j-cross,8601.T,1,1.5,2.0,0.6,0.0,0.0,0,8,1,0,9,0.8888888888888888,10.019076216311927,10.019076216311921,16.55289854123802,0,1,3,3,0,6,0.5,0.19565883834600284,0.1956588383460028,-19.64088627181302,0,1
coarse,j-cross,8604.T,1,1.5,1.5,0.6,0.0,0.0,0,15,13,0,28,0.5357142857142857,0.7504173665392533,0.7504173665392532,-4.3505899854845556,0,1,6,2,0,8,0.75,1.5593829631388538,1.5593829631388538,5.442327082498851,1,1
coarse,j-cross,8630.T,1,1.2,1.5,1.0,0.0,0.0,0,14,10,0,24,0.5833333333333334,0.5221111558071597,0.5221111558071598,-5.640264665740442,0,1,4,1,0,5,0.8,3.3149772300552725,3.314977230055274,9.427022233243623,1,1
coarse,j-cross,8697.T,3,1.2,1.5,0.6,0.0,0.0,0,8,4,0,12,0.6666666666666666,1.9719228803184552,1.971922880318455,17.528633621016464,0,1,2,1,0,3,0.6666666666666666,1.27006501838017,1.2700650183801698,5.623717090462169,0,1
coarse,j-cross,8725.T,1,1.5,1.0,1.0,0.0,0.0,0,10,6,0,16,0.625,1.1699304262436585,1.1699304262436585,1.2779916819279227,0,1,4,1,0,5,0.8,3.2983147798631585,3.298314779863159,11.84908953173895,1,1
coarse,j-cross,8729.T,5,1.2,1.0,0.6,0.0,0.0,0,9,5,0,14,0.6428571428571429,2.9484426672435142,2.948442667243515,44.4832249847796,0,1,7,0,0,7,1.0,999.0,999.0,48.454711357976485,1,1
coarse,j-cross,8750.T,1,1.2,2.0,0.4,0.0,0.0,0,15,12,0,27,0.5555555555555556,0.6089419541763166,0.6089419541763166,-7.898483545118676,0,1,4,7,0,11,0.36363636363636365,0.22705908657445323,0.22705908657445326,-25.20247966230825,0,1
coarse,j-cross,8766.T,3,1.5,1.5,0.8,0.0,0.0,0,6,6,0,12,0.5,0.48064230190855395,0.4806423019085539,-11.149786643377583,0,1,4,1,0,5,0.8,1.9826968971340457,1.9826968971340464,10.457812024224854,1,1
coarse,j-cross,8795.T,3,1.2,2.0,1.0,0.0,0.0,0,6,0,0,6,1.0,999.0,999.0,11.04618500325514,0,1,0,0,0,0,0.0,0.0,0.0,0.0,0,1
coarse,j-cross,8801.T,1,1.5,1.5,0.4,0.0,0.0,0,14,11,0,25,0.56,0.766630966633814,0.7666309666338142,-4.192773209997854,0,1,3,4,0,7,0.42857142857142855,0.3573936327219204,0.3573936327219203,-19.0493733181974,0,1
coarse,j-cross,8802.T,1,1.5,2.0,0.6,0.0,0.0,0,8,6,0,14,0.5714285714285714,0.4345989093945852,0.4345989093945851,-16.229066584917284,0,1,3,3,0,6,0.5,0.4640420854317524,0.4640420854317524,-14.64914068758656,0,1
coarse,j-cross,8830.T,3,1.2,1.0,1.0,0.0,0.0,0,4,3,0,7,0.5714285714285714,0.9066392142580874,0.9066392142580872,-1.2062909012090597,0,1,4,2,0,6,0.6666666666666666,1.0683925618406556,1.0683925618406556,0.7099414821657716,1,1
coarse,j-cross,9020.T,1,1.5,1.5,0.4,0.0,0.0,0,6,7,0,13,0.46153846153846156,0.6869280442362571,0.6869280442362572,-6.154644680176967,0,1,1,1,0,2,0.5,0.3856183772138581,0.3856183772138581,-10.090649910630042,0,1
coarse,j-cross,9022.T,5,1.2,2.0,0.8,0.0,0.0,0,13,4,0,17,0.7647058823529411,1.140018894271341,1.1400188942713405,1.5690945851973486,0,1,1,2,0,3,0.3333333333333333,0.18734157344445487,0.18734157344445485,-26.108305337862273,0,1
coarse,j-cross,9023.T,3,1.2,2.0,0.4,0.0,0.0,0,3,0,0,3,1.0,999.0,999.0,6.129352116174469,0,1,1,1,0,2,0.5,0.0610650760994797,0.0610650760994797,-17.27453235458406,0,1
coarse,j-cross,9024.T,1,1.2,1.0,0.4,0.0,0.0,0,12,9,0,21,0.5714285714285714,1.0001281878087214,1.0001281878087211,0.0022381867616816905,0,1,0,0,0,0,0.0,0.0,0.0,0.0,0,1
coarse,j-cross,9101.T,1,1.5,1.5,0.6,0.0,0.0,0,12,10,0,22,0.5454545454545454,0.7361900108027081,0.736190010802708,-3.5382478171988527,0,1,5,1,0,6,0.8333333333333334,1.0858200360504962,1.0858200360504966,0.8094664883764026,1,1
coarse,j-cross,9104.T,5,1.2,1.0,0.6,0.0,0.0,0,7,12,0,19,0.3684210526315789,0.5719835148989337,0.5719835148989337,-6.44651896961908,0,1,4,1,0,5,0.8,1.2304790952787736,1.230479095278774,1.4587038050922387,1,1
coarse,j-cross,9107.T,3,1.5,1.0,0.6,0.0,0.0,0,6,10,0,16,0.375,0.6939291154467265,0.6939291154467265,-5.715112218078158,0,1,6,2,0,8,0.75,1.5858769250877394,1.5858769250877398,4.466207244871516,1,1
coarse,j-cross,9201.T,1,1.2,1.0,1.0,0.0,0.0,0,1,0,0,1,1.0,999.0,999.0,3.650485436892909,0,1,0,0,0,0,0.0,0.0,0.0,0.0,0,1
coarse,j-cross,9240.T,1,1.2,1.0,0.8,0.0,0.0,0,0,0,0,0,0.0,0.0,0.0,0.0,0,1,1,1,0,2,0.5,0.5410581584426263,0.5410581584426263,-47.31649040344671,0,1
coarse,j-cross,9432.T,3,1.5,2.0,0.6,0.0,0.0,0,16,3,0,19,0.8421052631578947,2.2343357905791095,2.2343357905791086,7.625303891213187,0,1,4,1,0,5,0.8,2.807018500464896,2.807018500464897,8.334343990610057,1,1
coarse,j-cross,9433.T,5,1.2,1.0,0.6,0.0,0.0,0,12,11,0,23,0.5217391304347826,0.8432333178655039,0.843233317865504,-1.7393791267320782,0,1,5,3,0,8,0.625,1.0585254094750365,1.0585254094750365,0.5758510627039986,1,1
coarse,j-cross,9434.T,1,1.2,1.0,0.4,0.0,0.0,0,16,12,0,28,0.5714285714285714,0.5780147659643589,0.5780147659643587,-4.0543999262521995,0,1,4,6,0,10,0.4,0.18917451234824445,0.18917451234824445,-10.276463796508164,0,1
coarse,j-cross,9501.T,3,1.2,1.5,1.0,0.0,0.0,0,2,4,0,6,0.3333333333333333,0.372313964517906,0.37231396451790594,-40.21120373903805,0,1,3,2,0,5,0.6,1.1419994001865386,1.1419994001865386,4.732904462325051,1,1
coarse,j-cross,9502.T,1,1.2,1.0,0.4,0.0,0.0,0,0,0,0,0,0.0,0.0,0.0,0.0,0,1,0,0,0,0,0.0,0.0,0.0,0.0,0,1
coarse,j-cross,9503.T,5,1.5,2.0,1.0,0.0,0.0,0,10,1,0,11,0.9090909090909091,5.7508463049856395,5.750846304985638,24.068740950038308,0,1,1,6,0,7,0.14285714285714285,0.09120974333614794,0.09120974333614792,-51.98698253028416,0,1
coarse,j-cross,9504.T,1,1.2,1.0,0.4,0.0,0.0,0,0,0,0,0,0.0,0.0,0.0,0.0,0,1,0,0,0,0,0.0,0.0,0.0,0.0,0,1
coarse,j-cross,9509.T,5,1.5,1.5,0.8,0.0,0.0,0,7,1,0,8,0.875,5.318842629044049,5.318842629044049,35.3228051426921,0,1,1,1,0,2,0.5,0.3935829063714021,0.3935829063714021,-18.627068717653714,0,1
coarse,j-cross,9602.T,3,1.2,1.5,1.0,0.0,0.0,0,5,0,0,5,1.0,999.0,999.0,30.500878959435802,0,1,1,1,0,2,0.5,0.5816007316947682,0.5816007316947682,-9.85940418969755,0,1
coarse,j-cross,9697.T,1,1.2,2.0,0.4,0.0,0.0,0,20,5,0,25,0.8,2.3518100880675674,2.351810088067568,12.135365577600842,0,1,0,0,0,0,0.0,0.0,0.0,0.0,0,1
coarse,j-cross,9831.T,1,1.5,1.5,0.8,0.0,0.0,0,1,1,0,2,0.5,1.8327320806038407,1.8327320806038407,7.192368749709132,0,1,0,0,0,0,0.0,0.0,0.0,0.0,0,1
coarse,j-cross,9843.T,3,1.5,1.5,0.4,0.0,0.0,0,12,9,0,21,0.5714285714285714,1.262074646119284,1.262074646119284,8.557480493680774,0,1,3,2,0,5,0.6,1.7901319563199154,1.7901319563199152,12.61266875395935,1,1
coarse,j-cross,9861.T,1,1.2,1.0,0.4,0.0,0.0,0,0,0,0,0,0.0,0.0,0.0,0.0,0,1,1,1,0,2,0.5,2.327060887304227,2.327060887304227,19.90507920466881,0,1
coarse,j-cross,9983.T,5,1.2,2.0,0.8,0.0,0.0,0,5,4,0,9,0.5555555555555556,0.407398984949085,0.407398984949085,-11.933855914210335,0,1,5,0,0,5,1.0,999.0,999.0,30.72316982802007,1,1
coarse,j-cross,9984.T,5,1.5,1.0,0.4,0.0,0.0,0,6,18,0,24,0.25,0.4166498020530213,0.41664980205302127,-26.922295848560825,0,1,6,1,0,7,0.8571428571428571,4.279808564425384,4.279808564425383,33.64596302929396,1,1
