mode,signal_mode,session,code,ATR_n,TPk,SLk,J_th,dJ_th,vEMA_th,TMAX,train_wins,train_losses,train_flats,train_trades,train_winrate,train_pf,train_pf_eff,train_exp_bp,train_slices_pass,train_slices_total,forward_wins,forward_losses,forward_flats,forward_trades,forward_winrate,forward_pf,forward_pf_eff,forward_exp_bp,forward_slices_pass,forward_slices_total,forward_win_ci_low,forward_win_ci_high,forward_exp_boot_mean,forward_exp_boot_low,forward_exp_boot_high
coarse,j-only,AM10,1803.T,1,1.2,1.0,0.4,0.0,0.0,0,0,0,0,0,0.0,0.0,0.0,0.0,0,1,0,0,0,0,0.0,0.0,0.0,0.0,0,1,0.0,0.0,0.0,0.0,0.0
coarse,j-only,AM10,1407.T,1,1.2,1.0,0.4,0.0,0.0,0,0,0,0,0,0.0,0.0,0.0,0.0,0,1,0,0,0,0,0.0,0.0,0.0,0.0,0,1,0.0,0.0,0.0,0.0,0.0
coarse,j-only,AM10,168A.T,1,1.2,1.0,0.4,0.0,0.0,0,0,0,0,0,0.0,0.0,0.0,0.0,0,1,0,0,0,0,0.0,0.0,0.0,0.0,0,1,0.0,0.0,0.0,0.0,0.0
coarse,j-only,AM10,1802.T,1,1.2,1.0,0.4,0.0,0.0,0,0,1,0,1,0.0,0.0,0.0,-32.43991853360489,0,1,0,0,0,0,0.0,0.0,0.0,0.0,0,1,0.0,0.0,0.0,0.0,0.0
coarse,j-only,AM10,1541.T,1,1.2,1.0,0.4,0.0,0.0,0,0,0,0,0,0.0,0.0,0.0,0.0,0,1,0,0,0,0,0.0,0.0,0.0,0.0,0,1,0.0,0.0,0.0,0.0,0.0
coarse,j-only,AM10,1812.T,3,1.5,1.0,1.0,0.0,0.0,0,1,1,0,2,0.5,0.7921021778346046,0.7921021778346046,-4.236650331243062,0,1,0,0,0,0,0.0,0.0,0.0,0.0,0,1,0.0,0.0,0.0,0.0,0.0
coarse,j-only,AM10,1542.T,1,1.2,1.0,0.4,0.0,0.0,0,0,0,0,0,0.0,0.0,0.0,0.0,0,1,0,0,0,0,0.0,0.0,0.0,0.0,0,1,0.0,0.0,0.0,0.0,0.0
coarse,j-only,AM10,1893.T,1,1.2,1.0,0.4,0.0,0.0,0,0,0,0,0,0.0,0.0,0.0,0.0,0,1,0,0,0,0,0.0,0.0,0.0,0.0,0,1,0.0,0.0,0.0,0.0,0.0
coarse,j-only,AM10,1911.T,1,1.2,1.0,0.4,0.0,0.0,0,0,0,0,0,0.0,0.0,0.0,0.0,0,1,0,0,0,0,0.0,0.0,0.0,0.0,0,1,0.0,0.0,0.0,0.0,0.0
coarse,j-only,AM10,1605.T,3,1.5,2.0,0.4,0.0,0.0,0,10,4,0,14,0.7142857142857143,1.2476266213027096,1.2476266213027096,3.777947394423079,0,1,2,0,0,2,1.0,999.0,999.0,17.095960187285755,0,1,0.34237195288961925,1.0,17.095960187285755,17.095960187285755,17.095960187285755
coarse,j-only,AM10,1357.T,1,1.5,1.0,0.4,0.0,0.0,0,7,13,0,20,0.35,0.5138206631799358,0.5138206631799358,-9.95071439127841,0,1,0,0,0,0,0.0,0.0,0.0,0.0,0,1,0.0,0.0,0.0,0.0,0.0
coarse,j-only,AM10,1321.T,1,1.5,1.0,0.4,0.0,0.0,0,14,18,0,32,0.4375,0.32760894027507714,0.32760894027507714,-6.863247707948016,0,1,1,2,0,3,0.3333333333333333,0.10631578156337405,0.10631578156337403,-11.30909654518433,0,1,0.0614903152761605,0.7923450448735121,-11.30909654518433,-11.30909654518433,-11.30909654518433
coarse,j-only,AM10,1360.T,1,1.2,2.0,0.4,0.0,0.0,0,11,7,0,18,0.6111111111111112,0.6698106702128624,0.6698106702128626,-6.412587953734393,0,1,0,0,0,0,0.0,0.0,0.0,0.0,0,1,0.0,0.0,0.0,0.0,0.0
coarse,j-only,AM10,1570.T,1,1.2,1.0,0.4,0.0,0.0,0,8,13,0,21,0.38095238095238093,0.3942659231406746,0.3942659231406746,-12.223787850791863,0,1,1,2,0,3,0.3333333333333333,0.19706392460121086,0.19706392460121083,-17.684697215994166,0,1,0.0614903152761605,0.7923450448735121,-17.684697215994166,-17.684697215994166,-17.684697215994166
coarse,j-only,AM10,1579.T,1,1.5,1.0,0.8,0.0,0.0,0,6,8,0,14,0.42857142857142855,0.5334083185734289,0.5334083185734289,-8.07739642201936,0,1,0,0,0,0,0.0,0.0,0.0,0.0,0,1,0.0,0.0,0.0,0.0,0.0
coarse,j-only,AM10,1540.T,5,1.5,1.0,0.4,0.0,0.0,0,8,6,0,14,0.5714285714285714,1.7863089492935578,1.7863089492935573,7.454071302616909,0,1,0,1,0,1,0.0,0.0,0.0,-19.790820010315525,0,1,0.0,0.7934567085261071,-19.79082001031552,-19.790820010315525,-19.790820010315525
coarse,j-only,AM10,1925.T,1,1.2,1.0,0.4,0.0,0.0,0,5,0,0,5,1.0,999.0,999.0,10.423141702957281,0,1,4,4,0,8,0.5,0.3574340798387156,0.3574340798387156,-7.39243320717671,0,1,0.21521252682444186,0.7847874731755582,-7.392433207176709,-7.39243320717671,-7.39243320717671
coarse,j-only,AM10,1458.T,1,1.2,2.0,0.4,0.0,0.0,0,12,6,0,18,0.6666666666666666,0.7862874240496465,0.7862874240496464,-3.6015361266094126,0,1,1,2,0,3,0.3333333333333333,0.061355490487562114,0.06135549048756211,-36.7137200531754,0,1,0.0614903152761605,0.7923450448735121,-36.7137200531754,-36.7137200531754,-36.7137200531754
coarse,j-only,AM10,1928.T,3,1.2,1.5,0.4,0.0,0.0,0,4,0,0,4,1.0,999.0,999.0,16.58333590650631,0,1,0,0,0,0,0.0,0.0,0.0,0.0,0,1,0.0,0.0,0.0,0.0,0.0
coarse,j-only,AM10,1942.T,1,1.2,1.0,0.4,0.0,0.0,0,0,0,0,0,0.0,0.0,0.0,0.0,0,1,1,9,0,10,0.1,0.07367483172770596,0.07367483172770597,-46.649156328207916,0,1,0.01787574951572113,0.4041563854975721,-46.64915632820792,-46.649156328207916,-46.649156328207916
coarse,j-only,AM10,186A.T,1,1.2,1.0,0.4,0.0,0.0,0,0,0,0,0,0.0,0.0,0.0,0.0,0,1,0,0,0,0,0.0,0.0,0.0,0.0,0,1,0.0,0.0,0.0,0.0,0.0
coarse,j-only,AM10,2127.T,1,1.2,1.0,0.4,0.0,0.0,0,0,0,0,0,0.0,0.0,0.0,0.0,0,1,0,0,0,0,0.0,0.0,0.0,0.0,0,1,0.0,0.0,0.0,0.0,0.0
coarse,j-only,AM10,2181.T,1,1.2,1.0,0.4,0.0,0.0,0,0,0,0,0,0.0,0.0,0.0,0.0,0,1,0,0,0,0,0.0,0.0,0.0,0.0,0,1,0.0,0.0,0.0,0.0,0.0
coarse,j-only,AM10,2160.T,1,1.2,1.0,0.4,0.0,0.0,0,0,0,0,0,0.0,0.0,0.0,0.0,0,1,0,0,0,0,0.0,0.0,0.0,0.0,0,1,0.0,0.0,0.0,0.0,0.0
coarse,j-only,AM10,2334.T,1,1.2,1.0,0.4,0.0,0.0,0,0,0,0,0,0.0,0.0,0.0,0.0,0,1,0,0,0,0,0.0,0.0,0.0,0.0,0,1,0.0,0.0,0.0,0.0,0.0
coarse,j-only,AM10,218A.T,1,1.2,1.0,0.4,0.0,0.0,0,0,0,0,0,0.0,0.0,0.0,0.0,0,1,2,1,0,3,0.6666666666666666,3.8379907984635504,3.83799079846355,69.77538297547021,0,1,0.2076549551264879,0.9385096847238394,69.77538297547021,69.77538297547021,69.77538297547021
coarse,j-only,AM10,2433.T,1,1.2,1.0,0.4,0.0,0.0,0,0,0,0,0,0.0,0.0,0.0,0.0,0,1,0,0,0,0,0.0,0.0,0.0,0.0,0,1,0.0,0.0,0.0,0.0,0.0
coarse,j-only,AM10,2267.T,1,1.2,1.0,0.4,0.0,0.0,0,0,4,0,4,0.0,0.0,0.0,-13.735793443993206,0,1,0,0,0,0,0.0,0.0,0.0,0.0,0,1,0.0,0.0,0.0,0.0,0.0
coarse,j-only,AM10,2503.T,1,1.2,2.0,0.4,0.0,0.0,0,4,0,0,4,1.0,999.0,999.0,12.092136361051852,0,1,0,0,0,0,0.0,0.0,0.0,0.0,0,1,0.0,0.0,0.0,0.0,0.0
coarse,j-only,AM10,2036.T,1,1.2,1.0,0.4,0.0,0.0,0,0,0,0,0,0.0,0.0,0.0,0.0,0,1,0,0,0,0,0.0,0.0,0.0,0.0,0,1,0.0,0.0,0.0,0.0,0.0
coarse,j-only,AM10,219A.T,1,1.5,1.0,0.6,0.0,0.0,0,1,6,0,7,0.14285714285714285,0.13945048494303816,0.13945048494303816,-81.57731815220816,0,1,0,0,0,0,0.0,0.0,0.0,0.0,0,1,0.0,0.0,0.0,0.0,0.0
coarse,j-only,AM10,2269.T,1,1.2,1.0,0.4,0.0,0.0,0,0,0,0,0,0.0,0.0,0.0,0.0,0,1,2,0,0,2,1.0,999.0,999.0,2.0133912954351496,0,1,0.34237195288961925,1.0,2.013391295435149,2.0133912954351496,2.0133912954351496
coarse,j-only,AM10,2670.T,1,1.2,1.0,0.4,0.0,0.0,0,0,0,0,0,0.0,0.0,0.0,0.0,0,1,0,0,0,0,0.0,0.0,0.0,0.0,0,1,0.0,0.0,0.0,0.0,0.0
coarse,j-only,AM10,2413.T,1,1.2,2.0,0.4,0.0,0.0,0,5,0,0,5,1.0,999.0,999.0,19.56636735599405,0,1,0,0,0,0,0.0,0.0,0.0,0.0,0,1,0.0,0.0,0.0,0.0,0.0
coarse,j-only,AM10,247A.T,1,1.2,1.0,0.8,0.0,0.0,0,3,0,0,3,1.0,999.0,999.0,272.9297736201636,0,1,0,0,0,0,0.0,0.0,0.0,0.0,0,1,0.0,0.0,0.0,0.0,0.0
coarse,j-only,AM10,276A.T,1,1.2,1.0,0.4,0.0,0.0,0,0,0,0,0,0.0,0.0,0.0,0.0,0,1,0,0,0,0,0.0,0.0,0.0,0.0,0,1,0.0,0.0,0.0,0.0,0.0
coarse,j-only,AM10,215A.T,5,1.2,1.0,0.4,0.0,0.0,0,7,11,0,18,0.3888888888888889,0.5302600787534024,0.5302600787534023,-16.59480562066029,0,1,0,0,0,0,0.0,0.0,0.0,0.0,0,1,0.0,0.0,0.0,0.0,0.0
coarse,j-only,AM10,2801.T,1,1.2,1.0,0.4,0.0,0.0,0,0,0,0,0,0.0,0.0,0.0,0.0,0,1,0,0,0,0,0.0,0.0,0.0,0.0,0,1,0.0,0.0,0.0,0.0,0.0
coarse,j-only,AM10,2726.T,1,1.2,1.0,0.4,0.0,0.0,0,0,0,0,0,0.0,0.0,0.0,0.0,0,1,0,0,0,0,0.0,0.0,0.0,0.0,0,1,0.0,0.0,0.0,0.0,0.0
coarse,j-only,AM10,2432.T,3,1.2,2.0,0.4,0.0,0.0,0,13,0,0,13,1.0,999.0,999.0,18.656856638897732,0,1,3,2,0,5,0.6,0.2850058983540307,0.2850058983540306,-8.028870610378274,0,1,0.23071993220883708,0.8823817688407467,-8.028870610378275,-8.028870610378274,-8.028870610378274
coarse,j-only,AM10,2768.T,5,1.2,2.0,0.4,0.0,0.0,0,8,0,0,8,1.0,999.0,999.0,11.48100902717772,0,1,0,0,0,0,0.0,0.0,0.0,0.0,0,1,0.0,0.0,0.0,0.0,0.0
coarse,j-only,AM10,2502.T,5,1.5,1.0,0.6,0.0,0.0,0,2,1,0,3,0.6666666666666666,2.5795289104842327,2.5795289104842323,11.784537230508903,0,1,0,2,0,2,0.0,0.0,0.0,-27.322982823801347,0,1,0.0,0.6576280471103807,-27.322982823801347,-27.322982823801347,-27.322982823801347
coarse,j-only,AM10,3003.T,1,1.2,1.0,0.4,0.0,0.0,0,0,0,0,0,0.0,0.0,0.0,0.0,0,1,0,0,0,0,0.0,0.0,0.0,0.0,0,1,0.0,0.0,0.0,0.0,0.0
coarse,j-only,AM10,290A.T,1,1.2,1.0,0.4,0.0,0.0,0,0,0,0,0,0.0,0.0,0.0,0.0,0,1,0,0,0,0,0.0,0.0,0.0,0.0,0,1,0.0,0.0,0.0,0.0,0.0
coarse,j-only,AM10,3092.T,1,1.2,1.0,0.4,0.0,0.0,0,0,0,0,0,0.0,0.0,0.0,0.0,0,1,0,0,0,0,0.0,0.0,0.0,0.0,0,1,0.0,0.0,0.0,0.0,0.0
coarse,j-only,AM10,3088.T,1,1.2,1.0,0.4,0.0,0.0,0,0,0,0,0,0.0,0.0,0.0,0.0,0,1,0,0,0,0,0.0,0.0,0.0,0.0,0,1,0.0,0.0,0.0,0.0,0.0
coarse,j-only,AM10,3086.T,1,1.2,1.0,0.4,0.0,0.0,0,0,0,0,0,0.0,0.0,0.0,0.0,0,1,0,0,0,0,0.0,0.0,0.0,0.0,0,1,0.0,0.0,0.0,0.0,0.0
coarse,j-only,AM10,3141.T,1,1.2,1.0,0.4,0.0,0.0,0,0,0,0,0,0.0,0.0,0.0,0.0,0,1,0,0,0,0,0.0,0.0,0.0,0.0,0,1,0.0,0.0,0.0,0.0,0.0
coarse,j-only,AM10,3231.T,1,1.2,1.0,0.4,0.0,0.0,0,0,0,0,0,0.0,0.0,0.0,0.0,0,1,0,0,0,0,0.0,0.0,0.0,0.0,0,1,0.0,0.0,0.0,0.0,0.0
coarse,j-only,AM10,314A.T,1,1.2,1.0,0.4,0.0,0.0,0,0,0,0,0,0.0,0.0,0.0,0.0,0,1,0,0,0,0,0.0,0.0,0.0,0.0,0,1,0.0,0.0,0.0,0.0,0.0
coarse,j-only,AM10,3289.T,1,1.2,1.0,0.4,0.0,0.0,0,0,0,0,0,0.0,0.0,0.0,0.0,0,1,0,0,0,0,0.0,0.0,0.0,0.0,0,1,0.0,0.0,0.0,0.0,0.0
coarse,j-only,AM10,2897.T,3,1.2,1.0,0.4,0.0,0.0,0,1,6,0,7,0.14285714285714285,0.06059755294256541,0.0605975529425654,-22.901878474120164,0,1,2,1,0,3,0.6666666666666666,1.3044830520587736,1.3044830520587734,2.4745517196336215,0,1,0.2076549551264879,0.9385096847238394,2.474551719633621,2.4745517196336215,2.4745517196336215
coarse,j-only,AM10,3349.T,1,1.2,1.0,0.4,0.0,0.0,0,0,0,0,0,0.0,0.0,0.0,0.0,0,1,0,0,0,0,0.0,0.0,0.0,0.0,0,1,0.0,0.0,0.0,0.0,0.0
coarse,j-only,AM10,3064.T,1,1.2,1.5,0.6,0.0,0.0,0,2,0,0,2,1.0,999.0,999.0,30.676476321871352,0,1,0,0,0,0,0.0,0.0,0.0,0.0,0,1,0.0,0.0,0.0,0.0,0.0
coarse,j-only,AM10,3038.T,5,1.2,1.0,0.4,0.0,0.0,0,1,0,0,1,1.0,999.0,999.0,19.583694081372972,0,1,6,2,0,8,0.75,2.696970024031167,2.696970024031167,11.82680854368196,0,1,0.40926987910258916,0.9285223111419724,11.826808543681961,11.82680854368196,11.82680854368196
coarse,j-only,AM10,2802.T,5,1.5,1.5,0.4,0.0,0.0,0,15,3,0,18,0.8333333333333334,3.635620063698841,3.6356200636988416,15.635367907813098,0,1,4,4,0,8,0.5,0.40121961841195947,0.40121961841195947,-8.971919964486819,0,1,0.21521252682444186,0.7847874731755582,-8.971919964486817,-8.971919964486819,-8.971919964486819
coarse,j-only,AM10,285A.T,5,1.2,1.0,0.4,0.0,0.0,0,8,0,0,8,1.0,999.0,999.0,109.46424844169246,0,1,3,2,0,5,0.6,1.5161445383950336,1.5161445383950336,11.438941643039545,0,1,0.23071993220883708,0.8823817688407467,11.438941643039543,11.438941643039545,11.438941643039545
coarse,j-only,AM10,3099.T,3,1.2,1.0,1.0,0.0,0.0,0,6,0,0,6,1.0,999.0,999.0,15.248145518993182,0,1,0,0,0,0,0.0,0.0,0.0,0.0,0,1,0.0,0.0,0.0,0.0,0.0
coarse,j-only,AM10,2914.T,5,1.2,1.0,1.0,0.0,0.0,0,4,0,0,4,1.0,999.0,999.0,5.602493213180416,0,1,1,4,0,5,0.2,0.003680426861642961,0.003680426861642961,-5.662204455307661,0,1,0.03622316096978745,0.6244717358814613,-5.66220445530766,-5.662204455307661,-5.662204455307661
coarse,j-only,AM10,3370.T,1,1.2,1.0,0.4,0.0,0.0,0,0,0,0,0,0.0,0.0,0.0,0.0,0,1,0,0,0,0,0.0,0.0,0.0,0.0,0,1,0.0,0.0,0.0,0.0,0.0
coarse,j-only,AM10,3391.T,1,1.2,1.0,0.4,0.0,0.0,0,0,0,0,0,0.0,0.0,0.0,0.0,0,1,0,0,0,0,0.0,0.0,0.0,0.0,0,1,0.0,0.0,0.0,0.0,0.0
coarse,j-only,AM10,3405.T,1,1.2,1.0,0.4,0.0,0.0,0,0,0,0,0,0.0,0.0,0.0,0.0,0,1,0,0,0,0,0.0,0.0,0.0,0.0,0,1,0.0,0.0,0.0,0.0,0.0
coarse,j-only,AM10,3407.T,1,1.2,1.0,0.4,0.0,0.0,0,0,0,0,0,0.0,0.0,0.0,0.0,0,1,0,0,0,0,0.0,0.0,0.0,0.0,0,1,0.0,0.0,0.0,0.0,0.0
coarse,j-only,AM10,3635.T,1,1.2,1.0,0.4,0.0,0.0,0,0,0,0,0,0.0,0.0,0.0,0.0,0,1,0,0,0,0,0.0,0.0,0.0,0.0,0,1,0.0,0.0,0.0,0.0,0.0
coarse,j-only,AM10,3647.T,1,1.2,1.0,0.4,0.0,0.0,0,0,0,0,0,0.0,0.0,0.0,0.0,0,1,0,0,0,0,0.0,0.0,0.0,0.0,0,1,0.0,0.0,0.0,0.0,0.0
coarse,j-only,AM10,3687.T,1,1.2,1.0,0.4,0.0,0.0,0,0,0,0,0,0.0,0.0,0.0,0.0,0,1,0,0,0,0,0.0,0.0,0.0,0.0,0,1,0.0,0.0,0.0,0.0,0.0
coarse,j-only,AM10,3402.T,1,1.2,1.5,0.4,0.0,0.0,0,2,0,0,2,1.0,999.0,999.0,10.018948877578026,0,1,0,0,0,0,0.0,0.0,0.0,0.0,0,1,0.0,0.0,0.0,0.0,0.0
coarse,j-only,AM10,3774.T,1,1.2,1.0,0.4,0.0,0.0,0,0,0,0,0,0.0,0.0,0.0,0.0,0,1,0,0,0,0,0.0,0.0,0.0,0.0,0,1,0.0,0.0,0.0,0.0,0.0
coarse,j-only,AM10,3861.T,1,1.2,1.0,0.4,0.0,0.0,0,0,0,0,0,0.0,0.0,0.0,0.0,0,1,0,0,0,0,0.0,0.0,0.0,0.0,0,1,0.0,0.0,0.0,0.0,0.0
coarse,j-only,AM10,3923.T,1,1.2,1.0,0.4,0.0,0.0,0,0,0,0,0,0.0,0.0,0.0,0.0,0,1,0,0,0,0,0.0,0.0,0.0,0.0,0,1,0.0,0.0,0.0,0.0,0.0
coarse,j-only,AM10,3935.T,1,1.2,1.0,0.4,0.0,0.0,0,0,0,0,0,0.0,0.0,0.0,0.0,0,1,0,0,0,0,0.0,0.0,0.0,0.0,0,1,0.0,0.0,0.0,0.0,0.0
coarse,j-only,AM10,3350.T,1,1.2,1.0,0.4,0.0,0.0,0,0,0,0,0,0.0,0.0,0.0,0.0,0,1,0,0,0,0,0.0,0.0,0.0,0.0,0,1,0.0,0.0,0.0,0.0,0.0
coarse,j-only,AM10,3382.T,5,1.5,1.5,0.4,0.0,0.0,0,10,14,0,24,0.4166666666666667,0.22924142462876293,0.22924142462876296,-16.15954084721317,0,1,1,11,0,12,0.08333333333333333,0.07143251576474681,0.07143251576474681,-34.756467990540045,0,1,0.014864709450773478,0.35388592179859524,-34.75646799054004,-34.756467990540045,-34.756467990540045
coarse,j-only,AM10,4042.T,1,1.2,1.0,0.4,0.0,0.0,0,0,0,0,0,0.0,0.0,0.0,0.0,0,1,0,0,0,0,0.0,0.0,0.0,0.0,0,1,0.0,0.0,0.0,0.0,0.0
coarse,j-only,AM10,4043.T,1,1.2,1.0,0.4,0.0,0.0,0,0,0,0,0,0.0,0.0,0.0,0.0,0,1,0,0,0,0,0.0,0.0,0.0,0.0,0,1,0.0,0.0,0.0,0.0,0.0
coarse,j-only,AM10,402A.T,1,1.2,1.0,0.4,0.0,0.0,0,0,0,0,0,0.0,0.0,0.0,0.0,0,1,0,0,0,0,0.0,0.0,0.0,0.0,0,1,0.0,0.0,0.0,0.0,0.0
coarse,j-only,AM10,3692.T,3,1.5,1.0,0.4,0.0,0.0,0,4,3,0,7,0.5714285714285714,0.6275048148634886,0.6275048148634885,-39.838853234691946,0,1,0,4,0,4,0.0,0.0,0.0,-115.91484817689906,0,1,0.0,0.48990002040399916,-115.91484817689908,-115.91484817689906,-115.91484817689906
coarse,j-only,AM10,3697.T,1,1.2,2.0,0.4,0.0,0.0,0,16,6,0,22,0.7272727272727273,1.171332831966975,1.171332831966975,3.4084651437269256,0,1,0,5,0,5,0.0,0.0,0.0,-82.55791595736923,0,1,0.0,0.43449149475208104,-82.55791595736923,-82.55791595736923,-82.55791595736923
coarse,j-only,AM10,3563.T,1,1.2,2.0,0.4,0.0,0.0,0,8,8,0,16,0.5,0.25808562227412885,0.25808562227412885,-28.6210232785451,0,1,4,8,0,12,0.3333333333333333,0.15976901735923937,0.15976901735923932,-54.858912046605205,0,1,0.13811783989736134,0.609382412602386,-54.858912046605205,-54.858912046605205,-54.858912046605205
coarse,j-only,AM10,3436.T,1,1.2,1.0,0.4,0.0,0.0,0,0,9,0,9,0.0,0.0,0.0,-57.35544756094818,0,1,0,6,0,6,0.0,0.0,0.0,-46.3411565837983,0,1,0.0,0.3903430336530645,-46.3411565837983,-46.3411565837983,-46.3411565837983
coarse,j-only,AM10,4005.T,5,1.2,1.0,0.8,0.0,0.0,0,1,0,0,1,1.0,999.0,999.0,18.01277465249464,0,1,0,0,0,0,0.0,0.0,0.0,0.0,0,1,0.0,0.0,0.0,0.0,0.0
coarse,j-only,AM10,4176.T,1,1.2,1.0,0.4,0.0,0.0,0,0,0,0,0,0.0,0.0,0.0,0.0,0,1,0,0,0,0,0.0,0.0,0.0,0.0,0,1,0.0,0.0,0.0,0.0,0.0
coarse,j-only,AM10,4182.T,1,1.2,1.0,0.4,0.0,0.0,0,0,0,0,0,0.0,0.0,0.0,0.0,0,1,0,0,0,0,0.0,0.0,0.0,0.0,0,1,0.0,0.0,0.0,0.0,0.0
coarse,j-only,AM10,4088.T,1,1.2,1.0,0.4,0.0,0.0,0,0,0,0,0,0.0,0.0,0.0,0.0,0,1,0,0,0,0,0.0,0.0,0.0,0.0,0,1,0.0,0.0,0.0,0.0,0.0
coarse,j-only,AM10,4004.T,1,1.5,1.0,0.4,0.0,0.0,0,1,12,0,13,0.07692307692307693,0.07173928687790349,0.0717392868779035,-40.87521979372568,0,1,2,1,0,3,0.6666666666666666,1.3309529923585335,1.3309529923585333,5.141910583979684,0,1,0.2076549551264879,0.9385096847238394,5.141910583979684,5.141910583979684,5.141910583979684
coarse,j-only,AM10,3905.T,3,1.2,1.5,0.4,0.0,0.0,0,3,5,0,8,0.375,0.47516520698636744,0.47516520698636744,-42.48335113678979,0,1,2,1,0,3,0.6666666666666666,1.1754511209762348,1.1754511209762346,13.403355947375521,0,1,0.2076549551264879,0.9385096847238394,13.403355947375518,13.403355947375521,13.403355947375521
coarse,j-only,AM10,423A.T,1,1.2,1.0,0.4,0.0,0.0,0,0,0,0,0,0.0,0.0,0.0,0.0,0,1,0,0,0,0,0.0,0.0,0.0,0.0,0,1,0.0,0.0,0.0,0.0,0.0
coarse,j-only,AM10,4443.T,1,1.2,1.0,0.4,0.0,0.0,0,0,0,0,0,0.0,0.0,0.0,0.0,0,1,0,0,0,0,0.0,0.0,0.0,0.0,0,1,0.0,0.0,0.0,0.0,0.0
coarse,j-only,AM10,4188.T,5,1.5,1.0,0.6,0.0,0.0,0,1,1,0,2,0.5,0.5746606925932671,0.5746606925932671,-4.747172218223255,0,1,0,0,0,0,0.0,0.0,0.0,0.0,0,1,0.0,0.0,0.0,0.0,0.0
coarse,j-only,AM10,4204.T,5,1.2,2.0,0.4,0.0,0.0,0,4,0,0,4,1.0,999.0,999.0,13.69208950077913,0,1,0,0,0,0,0.0,0.0,0.0,0.0,0,1,0.0,0.0,0.0,0.0,0.0
coarse,j-only,AM10,4446.T,1,1.2,1.0,0.4,0.0,0.0,0,0,0,0,0,0.0,0.0,0.0,0.0,0,1,0,0,0,0,0.0,0.0,0.0,0.0,0,1,0.0,0.0,0.0,0.0,0.0
coarse,j-only,AM10,4062.T,3,1.2,2.0,0.4,0.0,0.0,0,13,10,0,23,0.5652173913043478,0.6353956048399786,0.6353956048399785,-14.572804348196534,0,1,3,3,0,6,0.5,0.5528075909789473,0.5528075909789474,-25.855319685460092,0,1,0.18761280689940868,0.8123871931005913,-25.855319685460096,-25.855319685460092,-25.855319685460092
coarse,j-only,AM10,4307.T,5,1.2,1.0,0.4,0.0,0.0,0,0,2,0,2,0.0,0.0,0.0,-32.20217199582479,0,1,3,0,0,3,1.0,999.0,999.0,10.491419509613417,0,1,0.43849391955098227,1.0,10.491419509613417,10.491419509613417,10.491419509613417
coarse,j-only,AM10,4507.T,1,1.2,1.0,0.4,0.0,0.0,0,0,0,0,0,0.0,0.0,0.0,0.0,0,1,0,0,0,0,0.0,0.0,0.0,0.0,0,1,0.0,0.0,0.0,0.0,0.0
coarse,j-only,AM10,4063.T,1,1.2,1.0,0.4,0.0,0.0,0,4,10,0,14,0.2857142857142857,0.3079842833088649,0.30798428330886485,-12.681739368685024,0,1,1,3,0,4,0.25,0.272594849848527,0.272594849848527,-11.946476197119065,0,1,0.045586062644636216,0.6993639475573634,-11.946476197119066,-11.946476197119065,-11.946476197119065
coarse,j-only,AM10,4385.T,3,1.2,2.0,0.8,0.0,0.0,0,4,0,0,4,1.0,999.0,999.0,32.06969411189655,0,1,0,1,0,1,0.0,0.0,0.0,-48.54617353217997,0,1,0.0,0.7934567085261071,-48.54617353217998,-48.54617353217997,-48.54617353217997
coarse,j-only,AM10,4528.T,1,1.2,1.0,0.4,0.0,0.0,0,0,0,0,0,0.0,0.0,0.0,0.0,0,1,0,0,0,0,0.0,0.0,0.0,0.0,0,1,0.0,0.0,0.0,0.0,0.0
coarse,j-only,AM10,4452.T,1,1.5,2.0,0.4,0.0,0.0,0,13,13,0,26,0.5,0.3834249672447975,0.3834249672447975,-8.813113928666024,0,1,3,2,0,5,0.6,0.9142703542310159,0.9142703542310157,-0.8139081961295116,0,1,0.23071993220883708,0.8823817688407467,-0.8139081961295115,-0.8139081961295116,-0.8139081961295116
coarse,j-only,AM10,4571.T,1,1.2,1.0,0.4,0.0,0.0,0,0,0,0,0,0.0,0.0,0.0,0.0,0,1,0,0,0,0,0.0,0.0,0.0,0.0,0,1,0.0,0.0,0.0,0.0,0.0
coarse,j-only,AM10,4587.T,1,1.2,1.0,0.4,0.0,0.0,0,0,0,0,0,0.0,0.0,0.0,0.0,0,1,0,0,0,0,0.0,0.0,0.0,0.0,0,1,0.0,0.0,0.0,0.0,0.0
coarse,j-only,AM10,4503.T,5,1.5,2.0,0.4,0.0,0.0,0,5,2,0,7,0.7142857142857143,0.6821066752377102,0.6821066752377102,-4.423048877193475,0,1,2,2,0,4,0.5,0.22790272303041548,0.22790272303041548,-8.686664968911105,0,1,0.15003570882017148,0.8499642911798285,-8.686664968911105,-8.686664968911105,-8.686664968911105
coarse,j-only,AM10,4502.T,3,1.2,2.0,0.4,0.0,0.0,0,6,1,0,7,0.8571428571428571,0.7024472406771927,0.7024472406771924,-1.3782708222235251,0,1,5,6,0,11,0.45454545454545453,0.14733716126975904,0.14733716126975904,-18.8420975108837,0,1,0.21270957543988045,0.7199122443100118,-18.842097510883697,-18.8420975108837,-18.8420975108837
coarse,j-only,AM10,4506.T,1,1.5,1.0,0.4,0.0,0.0,0,4,5,0,9,0.4444444444444444,0.5439566778893947,0.5439566778893946,-8.921002741230218,0,1,2,1,0,3,0.6666666666666666,1.3112595312562738,1.3112595312562736,6.181192143152288,0,1,0.2076549551264879,0.9385096847238394,6.181192143152288,6.181192143152288,6.181192143152288
coarse,j-only,AM10,4588.T,1,1.2,1.0,0.4,0.0,0.0,0,0,0,0,0,0.0,0.0,0.0,0.0,0,1,0,0,0,0,0.0,0.0,0.0,0.0,0,1,0.0,0.0,0.0,0.0,0.0
coarse,j-only,AM10,4523.T,3,1.2,1.5,0.4,0.0,0.0,0,8,4,0,12,0.6666666666666666,0.7397054904447158,0.7397054904447157,-3.49715083367013,0,1,4,1,0,5,0.8,1.7767777094839714,1.7767777094839716,7.100198978409308,0,1,0.3755282641185388,0.9637768390302125,7.100198978409307,7.100198978409308,7.100198978409308
coarse,j-only,AM10,4543.T,5,1.5,1.5,0.4,0.0,0.0,0,5,2,0,7,0.7142857142857143,1.7190843590567757,1.719084359056776,6.797098880772073,0,1,3,2,0,5,0.6,0.6050062130813296,0.6050062130813295,-7.108554331761416,0,1,0.23071993220883708,0.8823817688407467,-7.108554331761417,-7.108554331761416,-7.108554331761416
coarse,j-only,AM10,4680.T,1,1.2,1.0,0.4,0.0,0.0,0,0,0,0,0,0.0,0.0,0.0,0.0,0,1,1,0,0,1,1.0,999.0,999.0,1.3896713615027032,0,1,0.20654329147389294,1.0,1.3896713615027034,1.3896713615027032,1.3896713615027032
coarse,j-only,AM10,4519.T,5,1.2,1.0,0.6,0.0,0.0,0,1,0,0,1,1.0,999.0,999.0,23.136913564799702,0,1,1,0,0,1,1.0,999.0,999.0,24.116620385999433,0,1,0.20654329147389294,1.0,24.11662038599943,24.116620385999433,24.116620385999433
coarse,j-only,AM10,4612.T,1,1.2,1.0,0.4,0.0,0.0,0,0,0,0,0,0.0,0.0,0.0,0.0,0,1,0,0,0,0,0.0,0.0,0.0,0.0,0,1,0.0,0.0,0.0,0.0,0.0
coarse,j-only,AM10,4578.T,5,1.5,1.0,1.0,0.0,0.0,0,1,2,0,3,0.3333333333333333,0.45739558050356377,0.4573955805035637,-10.806431675564204,0,1,0,0,0,0,0.0,0.0,0.0,0.0,0,1,0.0,0.0,0.0,0.0,0.0
coarse,j-only,AM10,4732.T,1,1.2,1.0,0.4,0.0,0.0,0,0,0,0,0,0.0,0.0,0.0,0.0,0,1,0,0,0,0,0.0,0.0,0.0,0.0,0,1,0.0,0.0,0.0,0.0,0.0
coarse,j-only,AM10,4568.T,1,1.5,2.0,0.4,0.0,0.0,0,12,1,0,13,0.9230769230769231,3.34349341270551,3.3434934127055125,12.39407713473489,0,1,1,0,0,1,1.0,999.0,999.0,10.32396774981676,0,1,0.20654329147389294,1.0,10.32396774981676,10.32396774981676,10.32396774981676
coarse,j-only,AM10,4814.T,1,1.2,1.0,0.4,0.0,0.0,0,0,0,0,0,0.0,0.0,0.0,0.0,0,1,0,0,0,0,0.0,0.0,0.0,0.0,0,1,0.0,0.0,0.0,0.0,0.0
coarse,j-only,AM10,4751.T,1,1.2,1.0,0.4,0.0,0.0,0,0,0,0,0,0.0,0.0,0.0,0.0,0,1,2,0,0,2,1.0,999.0,999.0,17.405055656564855,0,1,0.34237195288961925,1.0,17.405055656564855,17.405055656564855,17.405055656564855
coarse,j-only,AM10,4592.T,1,1.2,1.5,0.4,0.0,0.0,0,3,0,0,3,1.0,999.0,999.0,72.21408766553024,0,1,0,0,0,0,0.0,0.0,0.0,0.0,0,1,0.0,0.0,0.0,0.0,0.0
coarse,j-only,AM10,4704.T,5,1.5,1.0,1.0,0.0,0.0,0,2,1,0,3,0.6666666666666666,1.7942550985852401,1.7942550985852397,11.668373599186156,0,1,0,0,0,0,0.0,0.0,0.0,0.0,0,1,0.0,0.0,0.0,0.0,0.0
coarse,j-only,AM10,4902.T,1,1.2,1.0,0.4,0.0,0.0,0,0,0,0,0,0.0,0.0,0.0,0.0,0,1,0,0,0,0,0.0,0.0,0.0,0.0,0,1,0.0,0.0,0.0,0.0,0.0
coarse,j-only,AM10,4661.T,1,1.5,2.0,0.4,0.0,0.0,0,13,10,0,23,0.5652173913043478,0.5143131690608976,0.5143131690608976,-13.40978546119379,0,1,4,0,0,4,1.0,999.0,999.0,20.93500971798693,0,1,0.5100999795960008,1.0,20.93500971798693,20.93500971798693,20.93500971798693
coarse,j-only,AM10,5019.T,1,1.2,1.0,0.4,0.0,0.0,0,0,0,0,0,0.0,0.0,0.0,0.0,0,1,0,0,0,0,0.0,0.0,0.0,0.0,0,1,0.0,0.0,0.0,0.0,0.0
coarse,j-only,AM10,4889.T,1,1.2,1.0,0.4,0.0,0.0,0,0,0,0,0,0.0,0.0,0.0,0.0,0,1,0,0,0,0,0.0,0.0,0.0,0.0,0,1,0.0,0.0,0.0,0.0,0.0
coarse,j-only,AM10,4689.T,1,1.5,1.0,0.4,0.0,0.0,0,1,7,0,8,0.125,0.21374271886348076,0.21374271886348076,-13.600284062730378,0,1,4,0,0,4,1.0,999.0,999.0,12.623692071837105,0,1,0.5100999795960008,1.0,12.623692071837104,12.623692071837105,12.623692071837105
coarse,j-only,AM10,5101.T,1,1.2,1.0,0.4,0.0,0.0,0,0,0,0,0,0.0,0.0,0.0,0.0,0,1,0,0,0,0,0.0,0.0,0.0,0.0,0,1,0.0,0.0,0.0,0.0,0.0
coarse,j-only,AM10,5105.T,1,1.2,1.0,0.4,0.0,0.0,0,0,0,0,0,0.0,0.0,0.0,0.0,0,1,0,0,0,0,0.0,0.0,0.0,0.0,0,1,0.0,0.0,0.0,0.0,0.0
coarse,j-only,AM10,5246.T,1,1.2,1.0,0.4,0.0,0.0,0,0,0,0,0,0.0,0.0,0.0,0.0,0,1,0,0,0,0,0.0,0.0,0.0,0.0,0,1,0.0,0.0,0.0,0.0,0.0
coarse,j-only,AM10,5253.T,1,1.2,1.0,0.4,0.0,0.0,0,0,0,0,0,0.0,0.0,0.0,0.0,0,1,0,0,0,0,0.0,0.0,0.0,0.0,0,1,0.0,0.0,0.0,0.0,0.0
coarse,j-only,AM10,4755.T,3,1.5,2.0,0.4,0.0,0.0,0,13,11,0,24,0.5416666666666666,0.5113370287400292,0.5113370287400292,-15.497077112023113,0,1,0,2,0,2,0.0,0.0,0.0,-63.39132831734114,0,1,0.0,0.6576280471103807,-63.391328317341156,-63.39132831734114,-63.39132831734114
coarse,j-only,AM10,5076.T,1,1.2,1.0,0.4,0.0,0.0,0,0,0,0,0,0.0,0.0,0.0,0.0,0,1,0,0,0,0,0.0,0.0,0.0,0.0,0,1,0.0,0.0,0.0,0.0,0.0
coarse,j-only,AM10,4901.T,5,1.5,1.0,0.4,0.0,0.0,0,6,19,0,25,0.24,0.13741664905314288,0.13741664905314283,-28.430085343764514,0,1,3,5,0,8,0.375,0.3391074765953921,0.3391074765953921,-17.339124909164155,0,1,0.13684175946152105,0.6942621454161981,-17.339124909164152,-17.339124909164155,-17.339124909164155
coarse,j-only,AM10,4911.T,5,1.5,1.5,0.4,0.0,0.0,0,4,6,0,10,0.4,0.9541094121198807,0.9541094121198807,-1.4709295064041386,0,1,5,3,0,8,0.625,1.0841640531589583,1.0841640531589583,0.9483408576346326,0,1,0.30573785458380187,0.863158240538479,0.9483408576346327,0.9483408576346326,0.9483408576346326
coarse,j-only,AM10,5016.T,3,1.2,1.5,0.8,0.0,0.0,0,6,0,0,6,1.0,999.0,999.0,41.41506660870446,0,1,0,0,0,0,0.0,0.0,0.0,0.0,0,1,0.0,0.0,0.0,0.0,0.0
coarse,j-only,AM10,5406.T,1,1.2,1.0,0.4,0.0,0.0,0,0,0,0,0,0.0,0.0,0.0,0.0,0,1,0,0,0,0,0.0,0.0,0.0,0.0,0,1,0.0,0.0,0.0,0.0,0.0
coarse,j-only,AM10,5020.T,3,1.2,1.5,0.4,0.0,0.0,0,9,2,0,11,0.8181818181818182,1.5351438898256244,1.5351438898256249,4.524118444490165,0,1,2,1,0,3,0.6666666666666666,1.0224968663068885,1.0224968663068883,0.22845431715097794,0,1,0.2076549551264879,0.9385096847238394,0.22845431715097794,0.22845431715097794,0.22845431715097794
coarse,j-only,AM10,5724.T,1,1.2,1.0,0.4,0.0,0.0,0,0,0,0,0,0.0,0.0,0.0,0.0,0,1,0,0,0,0,0.0,0.0,0.0,0.0,0,1,0.0,0.0,0.0,0.0,0.0
coarse,j-only,AM10,5108.T,5,1.5,1.0,0.6,0.0,0.0,0,5,9,0,14,0.35714285714285715,0.28299293581460644,0.28299293581460644,-12.128347912233128,0,1,2,3,0,5,0.4,0.32421986474147724,0.3242198647414773,-7.327338448215232,0,1,0.1176182311592533,0.769280067791163,-7.32733844821523,-7.327338448215232,-7.327338448215232
coarse,j-only,AM10,5595.T,1,1.2,1.0,0.4,0.0,0.0,0,0,0,0,0,0.0,0.0,0.0,0.0,0,1,0,0,0,0,0.0,0.0,0.0,0.0,0,1,0.0,0.0,0.0,0.0,0.0
coarse,j-only,AM10,5711.T,1,1.2,1.0,0.4,0.0,0.0,0,0,0,0,0,0.0,0.0,0.0,0.0,0,1,2,0,0,2,1.0,999.0,999.0,18.251414243341436,0,1,0.34237195288961925,1.0,18.251414243341433,18.251414243341436,18.251414243341436
coarse,j-only,AM10,5952.T,1,1.2,1.0,0.4,0.0,0.0,0,0,0,0,0,0.0,0.0,0.0,0.0,0,1,0,0,0,0,0.0,0.0,0.0,0.0,0,1,0.0,0.0,0.0,0.0,0.0
coarse,j-only,AM10,5411.T,5,1.5,2.0,0.6,0.0,0.0,0,4,2,0,6,0.6666666666666666,0.7182617900955551,0.718261790095555,-3.532913547711747,0,1,0,0,0,0,0.0,0.0,0.0,0.0,0,1,0.0,0.0,0.0,0.0,0.0
coarse,j-only,AM10,5401.T,5,1.2,2.0,0.6,0.0,0.0,0,7,1,0,8,0.875,1.7190091302217216,1.7190091302217216,5.952418713044302,0,1,2,0,0,2,1.0,999.0,999.0,19.761739501438726,0,1,0.34237195288961925,1.0,19.761739501438726,19.761739501438726,19.761739501438726
coarse,j-only,AM10,5726.T,1,1.5,1.0,0.4,0.0,0.0,0,1,2,0,3,0.3333333333333333,0.4126464680868751,0.412646468086875,-33.46562224958037,0,1,2,0,0,2,1.0,999.0,999.0,100.11629161450541,0,1,0.34237195288961925,1.0,100.1162916145054,100.11629161450541,100.11629161450541
coarse,j-only,AM10,5631.T,1,1.5,2.0,0.4,0.0,0.0,0,9,14,0,23,0.391304347826087,0.4077398875322471,0.40773988753224705,-29.37593072236634,0,1,1,4,0,5,0.2,0.17056449442584634,0.17056449442584634,-58.349697555580576,0,1,0.03622316096978745,0.6244717358814613,-58.34969755558059,-58.349697555580576,-58.349697555580576
coarse,j-only,AM10,5991.T,1,1.2,1.0,0.4,0.0,0.0,0,0,0,0,0,0.0,0.0,0.0,0.0,0,1,0,0,0,0,0.0,0.0,0.0,0.0,0,1,0.0,0.0,0.0,0.0,0.0
coarse,j-only,AM10,5713.T,1,1.2,1.0,0.4,0.0,0.0,0,0,13,0,13,0.0,0.0,0.0,-41.590799633390624,0,1,0,0,0,0,0.0,0.0,0.0,0.0,0,1,0.0,0.0,0.0,0.0,0.0
coarse,j-only,AM10,5706.T,3,1.5,1.5,0.6,0.0,0.0,0,9,2,0,11,0.8181818181818182,2.509762913387353,2.509762913387354,26.297010061851612,0,1,5,0,0,5,1.0,999.0,999.0,117.7458234055684,0,1,0.5655085052479191,1.0,117.74582340556842,117.7458234055684,117.7458234055684
coarse,j-only,AM10,6113.T,1,1.2,1.0,0.4,0.0,0.0,0,0,0,0,0,0.0,0.0,0.0,0.0,0,1,0,0,0,0,0.0,0.0,0.0,0.0,0,1,0.0,0.0,0.0,0.0,0.0
coarse,j-only,AM10,5803.T,3,1.5,1.0,0.4,0.0,0.0,0,5,6,0,11,0.45454545454545453,1.1115222984925546,1.1115222984925546,3.279382824813496,0,1,3,6,0,9,0.3333333333333333,0.5230039194648648,0.5230039194648647,-16.672600187521187,0,1,0.12058159868274293,0.6458026525009102,-16.672600187521187,-16.672600187521187,-16.672600187521187
coarse,j-only,AM10,5801.T,5,1.2,1.0,0.4,0.0,0.0,0,6,10,0,16,0.375,0.698565348476042,0.698565348476042,-8.025681366281342,0,1,2,5,0,7,0.2857142857142857,0.3197668514822978,0.3197668514822977,-25.362284283811523,0,1,0.0822171657090155,0.6410709098517873,-25.362284283811533,-25.362284283811523,-25.362284283811523
coarse,j-only,AM10,6177.T,1,1.2,1.0,0.4,0.0,0.0,0,0,0,0,0,0.0,0.0,0.0,0.0,0,1,0,0,0,0,0.0,0.0,0.0,0.0,0,1,0.0,0.0,0.0,0.0,0.0
coarse,j-only,AM10,6141.T,1,1.2,1.0,0.4,0.0,0.0,0,0,0,0,0,0.0,0.0,0.0,0.0,0,1,0,0,0,0,0.0,0.0,0.0,0.0,0,1,0.0,0.0,0.0,0.0,0.0
coarse,j-only,AM10,5802.T,5,1.2,1.0,0.4,0.0,0.0,0,6,2,0,8,0.75,1.8164249857354215,1.8164249857354215,8.064869939763511,0,1,0,4,0,4,0.0,0.0,0.0,-32.14605671302783,0,1,0.0,0.48990002040399916,-32.14605671302784,-32.14605671302783,-32.14605671302783
coarse,j-only,AM10,5838.T,5,1.5,1.5,0.4,0.0,0.0,0,6,6,0,12,0.5,0.8274428972446731,0.8274428972446731,-4.4747736707034615,0,1,1,1,0,2,0.5,0.5728569832427948,0.5728569832427948,-10.892647264269652,0,1,0.09452865480086614,0.9054713451991339,-10.892647264269653,-10.892647264269652,-10.892647264269652
coarse,j-only,AM10,6232.T,1,1.2,1.5,0.4,0.0,0.0,0,4,0,0,4,1.0,999.0,999.0,104.45637387920155,0,1,0,0,0,0,0.0,0.0,0.0,0.0,0,1,0.0,0.0,0.0,0.0,0.0
coarse,j-only,AM10,6268.T,5,1.2,1.5,0.4,0.0,0.0,0,4,0,0,4,1.0,999.0,999.0,20.61236514288882,0,1,1,1,0,2,0.5,0.5126390593788376,0.5126390593788376,-12.200726389214658,0,1,0.09452865480086614,0.9054713451991339,-12.200726389214656,-12.200726389214658,-12.200726389214658
coarse,j-only,AM10,6471.T,1,1.2,1.0,0.4,0.0,0.0,0,0,0,0,0,0.0,0.0,0.0,0.0,0,1,0,0,0,0,0.0,0.0,0.0,0.0,0,1,0.0,0.0,0.0,0.0,0.0
coarse,j-only,AM10,6460.T,1,1.2,1.0,0.4,0.0,0.0,0,0,0,0,0,0.0,0.0,0.0,0.0,0,1,0,0,0,0,0.0,0.0,0.0,0.0,0,1,0.0,0.0,0.0,0.0,0.0
coarse,j-only,AM10,6098.T,1,1.2,1.0,0.4,0.0,0.0,0,4,0,0,4,1.0,999.0,999.0,17.760950004834232,0,1,1,0,0,1,1.0,999.0,999.0,7.08485229415462,0,1,0.20654329147389294,1.0,7.084852294154622,7.08485229415462,7.08485229415462
coarse,j-only,AM10,6330.T,1,1.2,1.0,0.4,0.0,0.0,0,0,0,0,0,0.0,0.0,0.0,0.0,0,1,0,0,0,0,0.0,0.0,0.0,0.0,0,1,0.0,0.0,0.0,0.0,0.0
coarse,j-only,AM10,6178.T,3,1.2,2.0,0.4,0.0,0.0,0,11,0,0,11,1.0,999.0,999.0,12.977589265625253,0,1,0,0,0,0,0.0,0.0,0.0,0.0,0,1,0.0,0.0,0.0,0.0,0.0
coarse,j-only,AM10,6146.T,5,1.2,2.0,0.4,0.0,0.0,0,6,5,0,11,0.5454545454545454,1.1732777545442594,1.1732777545442592,3.7834069000279866,0,1,4,3,0,7,0.5714285714285714,0.6047757374198113,0.6047757374198113,-13.661314479396342,0,1,0.2504542304090258,0.8417830777373732,-13.661314479396342,-13.661314479396342,-13.661314479396342
coarse,j-only,AM10,6324.T,1,1.2,1.0,0.4,0.0,0.0,0,0,0,0,0,0.0,0.0,0.0,0.0,0,1,0,0,0,0,0.0,0.0,0.0,0.0,0,1,0.0,0.0,0.0,0.0,0.0
coarse,j-only,AM10,6479.T,1,1.2,1.0,0.4,0.0,0.0,0,0,0,0,0,0.0,0.0,0.0,0.0,0,1,0,0,0,0,0.0,0.0,0.0,0.0,0,1,0.0,0.0,0.0,0.0,0.0
coarse,j-only,AM10,6301.T,5,1.5,2.0,0.4,0.0,0.0,0,14,3,0,17,0.8235294117647058,2.863581801822562,2.863581801822561,9.421866105985536,0,1,3,0,0,3,1.0,999.0,999.0,10.318403986440167,0,1,0.43849391955098227,1.0,10.318403986440167,10.318403986440167,10.318403986440167
coarse,j-only,AM10,6472.T,1,1.2,1.0,0.4,0.0,0.0,0,0,0,0,0,0.0,0.0,0.0,0.0,0,1,0,0,0,0,0.0,0.0,0.0,0.0,0,1,0.0,0.0,0.0,0.0,0.0
coarse,j-only,AM10,6315.T,5,1.5,1.5,0.4,0.0,0.0,0,6,3,0,9,0.6666666666666666,4.448542610049231,4.44854261004923,62.48608032019787,0,1,0,4,0,4,0.0,0.0,0.0,-95.49686461801888,0,1,0.0,0.48990002040399916,-95.49686461801888,-95.49686461801888,-95.49686461801888
coarse,j-only,AM10,6326.T,1,1.2,1.0,1.0,0.0,0.0,0,2,0,0,2,1.0,999.0,999.0,11.18520400804919,0,1,0,0,0,0,0.0,0.0,0.0,0.0,0,1,0.0,0.0,0.0,0.0,0.0
coarse,j-only,AM10,6323.T,5,1.5,2.0,0.8,0.0,0.0,0,7,1,0,8,0.875,4.408855586693825,4.408855586693825,47.31406370472561,0,1,0,0,0,0,0.0,0.0,0.0,0.0,0,1,0.0,0.0,0.0,0.0,0.0
coarse,j-only,AM10,6367.T,5,1.5,1.5,0.4,0.0,0.0,0,13,4,0,17,0.7647058823529411,1.4233710346677104,1.42337103466771,3.2698975434661266,0,1,6,1,0,7,0.8571428571428571,2.9736876284005804,2.973687628400579,6.8211665379193205,0,1,0.48686549668097007,0.9743210440510253,6.82116653791932,6.8211665379193205,6.8211665379193205
coarse,j-only,AM10,6361.T,1,1.5,1.0,0.6,0.0,0.0,0,6,2,0,8,0.75,2.2420087438289396,2.2420087438289396,12.409519959783836,0,1,0,0,0,0,0.0,0.0,0.0,0.0,0,1,0.0,0.0,0.0,0.0,0.0
coarse,j-only,AM10,6753.T,1,1.2,1.0,0.4,0.0,0.0,0,0,0,0,0,0.0,0.0,0.0,0.0,0,1,0,0,0,0,0.0,0.0,0.0,0.0,0,1,0.0,0.0,0.0,0.0,0.0
coarse,j-only,AM10,6754.T,1,1.2,1.0,1.0,0.0,0.0,0,1,0,0,1,1.0,999.0,999.0,10.937401367700733,0,1,0,0,0,0,0.0,0.0,0.0,0.0,0,1,0.0,0.0,0.0,0.0,0.0
coarse,j-only,AM10,6501.T,5,1.2,1.5,1.0,0.0,0.0,0,6,0,0,6,1.0,999.0,999.0,29.33680085362339,0,1,0,0,0,0,0.0,0.0,0.0,0.0,0,1,0.0,0.0,0.0,0.0,0.0
coarse,j-only,AM10,6532.T,5,1.2,2.0,1.0,0.0,0.0,0,4,1,0,5,0.8,1.0424558364043301,1.0424558364043304,0.6390354244992011,0,1,0,1,0,1,0.0,0.0,0.0,-68.0131346013932,0,1,0.0,0.7934567085261071,-68.01313460139319,-68.0131346013932,-68.0131346013932
coarse,j-only,AM10,6503.T,5,1.2,2.0,0.6,0.0,0.0,0,13,0,0,13,1.0,999.0,999.0,18.17951756669043,0,1,0,0,0,0,0.0,0.0,0.0,0.0,0,1,0.0,0.0,0.0,0.0,0.0
coarse,j-only,AM10,6525.T,1,1.2,2.0,0.4,0.0,0.0,0,7,8,0,15,0.4666666666666667,0.5268643647759317,0.5268643647759318,-31.50119529399039,0,1,13,1,0,14,0.9285714285714286,3.9289965880527187,3.9289965880527205,37.36899912340247,1,1,0.6853073044604219,0.9872781138877085,37.36899912340247,37.36899912340247,37.36899912340247
coarse,j-only,AM10,6506.T,1,1.2,1.0,0.4,0.0,0.0,0,8,9,0,17,0.47058823529411764,0.5602972828458725,0.5602972828458725,-10.087584445630096,0,1,0,0,0,0,0.0,0.0,0.0,0.0,0,1,0.0,0.0,0.0,0.0,0.0
coarse,j-only,AM10,6526.T,3,1.5,2.0,0.4,0.0,0.0,0,10,8,0,18,0.5555555555555556,0.9975289762651014,0.9975289762651014,-0.10411399370231243,0,1,1,0,0,1,1.0,999.0,999.0,70.37843812220878,0,1,0.20654329147389294,1.0,70.37843812220878,70.37843812220878,70.37843812220878
coarse,j-only,AM10,6594.T,5,1.2,1.0,1.0,0.0,0.0,0,1,0,0,1,1.0,999.0,999.0,10.649451834259217,0,1,0,0,0,0,0.0,0.0,0.0,0.0,0,1,0.0,0.0,0.0,0.0,0.0
coarse,j-only,AM10,6590.T,1,1.5,2.0,0.4,0.0,0.0,0,13,4,0,17,0.7647058823529411,3.6954776769060564,3.695477676906055,42.993847634403515,0,1,4,4,0,8,0.5,0.7288092106178565,0.7288092106178565,-15.646860772245919,0,1,0.21521252682444186,0.7847874731755582,-15.646860772245915,-15.646860772245919,-15.646860772245919
coarse,j-only,AM10,6701.T,1,1.2,1.0,0.4,0.0,0.0,0,11,4,0,15,0.7333333333333333,1.428641711973335,1.4286417119733348,3.802961592463355,0,1,1,4,0,5,0.2,0.15326064707346326,0.15326064707346324,-23.098278652231834,0,1,0.03622316096978745,0.6244717358814613,-23.098278652231837,-23.098278652231834,-23.098278652231834
coarse,j-only,AM10,6702.T,3,1.2,2.0,0.4,0.0,0.0,0,3,0,0,3,1.0,999.0,999.0,15.910814154865557,0,1,0,0,0,0,0.0,0.0,0.0,0.0,0,1,0.0,0.0,0.0,0.0,0.0
coarse,j-only,AM10,6752.T,3,1.2,2.0,0.4,0.0,0.0,0,14,5,0,19,0.7368421052631579,0.7132751664601644,0.7132751664601642,-6.0338672594206155,0,1,2,1,0,3,0.6666666666666666,0.6735500237657045,0.6735500237657044,-9.011228547840803,0,1,0.2076549551264879,0.9385096847238394,-9.011228547840803,-9.011228547840803,-9.011228547840803
coarse,j-only,AM10,6723.T,1,1.5,2.0,0.8,0.0,0.0,0,7,1,0,8,0.875,3.744518048672623,3.744518048672623,26.845257465549214,0,1,0,0,0,0,0.0,0.0,0.0,0.0,0,1,0.0,0.0,0.0,0.0,0.0
coarse,j-only,AM10,6758.T,5,1.2,2.0,1.0,0.0,0.0,0,5,1,0,6,0.8333333333333334,1.8508021151968297,1.8508021151968301,11.794814689585536,0,1,0,0,0,0,0.0,0.0,0.0,0.0,0,1,0.0,0.0,0.0,0.0,0.0
coarse,j-only,AM10,6869.T,1,1.2,1.0,0.4,0.0,0.0,0,0,0,0,0,0.0,0.0,0.0,0.0,0,1,0,0,0,0,0.0,0.0,0.0,0.0,0,1,0.0,0.0,0.0,0.0,0.0
coarse,j-only,AM10,6762.T,1,1.5,1.0,1.0,0.0,0.0,0,4,2,0,6,0.6666666666666666,1.0826747548331423,1.0826747548331423,0.9599865017139321,0,1,0,0,0,0,0.0,0.0,0.0,0.0,0,1,0.0,0.0,0.0,0.0,0.0
coarse,j-only,AM10,6814.T,5,1.2,1.0,0.4,0.0,0.0,0,0,0,0,0,0.0,0.0,0.0,0.0,0,1,3,2,0,5,0.6,1.4752806677306245,1.4752806677306243,9.217059470099471,0,1,0.23071993220883708,0.8823817688407467,9.217059470099473,9.217059470099471,9.217059470099471
coarse,j-only,AM10,6965.T,1,1.2,1.0,0.4,0.0,0.0,0,4,0,0,4,1.0,999.0,999.0,38.14199282890057,0,1,0,0,0,0,0.0,0.0,0.0,0.0,0,1,0.0,0.0,0.0,0.0,0.0
coarse,j-only,AM10,6976.T,3,1.5,2.0,0.6,0.0,0.0,0,6,7,0,13,0.46153846153846156,0.3697369370171281,0.3697369370171282,-31.69190964707809,0,1,0,0,0,0,0.0,0.0,0.0,0.0,0,1,0.0,0.0,0.0,0.0,0.0
coarse,j-only,AM10,6971.T,1,1.2,1.0,0.4,0.0,0.0,0,4,6,0,10,0.4,0.20555520232242894,0.20555520232242896,-15.118637877082758,0,1,0,0,0,0,0.0,0.0,0.0,0.0,0,1,0.0,0.0,0.0,0.0,0.0
coarse,j-only,AM10,6871.T,3,1.5,1.0,0.4,0.0,0.0,0,5,6,0,11,0.45454545454545453,0.9410657975686738,0.9410657975686738,-2.5642876520061333,0,1,0,1,0,1,0.0,0.0,0.0,-47.88561072999491,0,1,0.0,0.7934567085261071,-47.885610729994916,-47.88561072999491,-47.88561072999491
coarse,j-only,AM10,6954.T,1,1.5,1.0,0.4,0.0,0.0,0,7,22,0,29,0.2413793103448276,0.35033749330613256,0.35033749330613256,-15.057895889439052,0,1,0,3,0,3,0.0,0.0,0.0,-83.03139018126309,0,1,0.0,0.5615060804490177,-83.03139018126309,-83.03139018126309,-83.03139018126309
coarse,j-only,AM10,6861.T,1,1.5,1.5,0.4,0.0,0.0,0,10,6,0,16,0.625,0.9369366525999722,0.9369366525999722,-0.671994309943538,0,1,0,4,0,4,0.0,0.0,0.0,-35.40653235215799,0,1,0.0,0.48990002040399916,-35.40653235215799,-35.40653235215799,-35.40653235215799
coarse,j-only,AM10,6963.T,1,1.5,1.0,0.6,0.0,0.0,0,2,7,0,9,0.2222222222222222,0.3874929442379194,0.3874929442379194,-15.768222802434362,0,1,0,0,0,0,0.0,0.0,0.0,0.0,0,1,0.0,0.0,0.0,0.0,0.0
coarse,j-only,AM10,6902.T,1,1.5,2.0,0.4,0.0,0.0,0,9,11,0,20,0.45,0.4130947962605275,0.4130947962605274,-12.150601011449082,0,1,3,2,0,5,0.6,1.2795883921416893,1.2795883921416893,2.638940025330484,0,1,0.23071993220883708,0.8823817688407467,2.638940025330484,2.638940025330484,2.638940025330484
coarse,j-only,AM10,6920.T,5,1.2,1.5,0.4,0.0,0.0,0,3,9,0,12,0.25,0.07166008005924784,0.07166008005924784,-93.51383824943063,0,1,12,0,0,12,1.0,999.0,999.0,45.80979502129956,1,1,0.7574992425007574,1.0,45.809795021299564,45.80979502129956,45.80979502129956
coarse,j-only,AM10,6857.T,3,1.5,1.5,0.4,0.0,0.0,0,4,8,0,12,0.3333333333333333,0.40245244871848984,0.40245244871848984,-28.176595841694724,0,1,1,3,0,4,0.25,0.33120628907477573,0.33120628907477573,-34.23985079016923,0,1,0.045586062644636216,0.6993639475573634,-34.23985079016922,-34.23985079016923,-34.23985079016923
coarse,j-only,AM10,6981.T,3,1.5,1.0,0.4,0.0,0.0,0,2,9,0,11,0.18181818181818182,0.12858874072126894,0.12858874072126894,-34.06659901149509,0,1,3,0,0,3,1.0,999.0,999.0,36.718181587771674,0,1,0.43849391955098227,1.0,36.71818158777167,36.718181587771674,36.718181587771674
coarse,j-only,AM10,7167.T,1,1.2,1.0,0.4,0.0,0.0,0,0,0,0,0,0.0,0.0,0.0,0.0,0,1,0,0,0,0,0.0,0.0,0.0,0.0,0,1,0.0,0.0,0.0,0.0,0.0
coarse,j-only,AM10,7186.T,1,1.2,1.0,0.4,0.0,0.0,0,0,0,0,0,0.0,0.0,0.0,0.0,0,1,0,0,0,0,0.0,0.0,0.0,0.0,0,1,0.0,0.0,0.0,0.0,0.0
coarse,j-only,AM10,6988.T,3,1.5,1.0,0.4,0.0,0.0,0,5,1,0,6,0.8333333333333334,4.367224176281375,4.3672241762813755,12.461068867067501,0,1,1,0,0,1,1.0,999.0,999.0,11.538460575797522,0,1,0.20654329147389294,1.0,11.538460575797522,11.538460575797522,11.538460575797522
coarse,j-only,AM10,7211.T,1,1.2,1.0,0.4,0.0,0.0,0,0,0,0,0,0.0,0.0,0.0,0.0,0,1,0,0,0,0,0.0,0.0,0.0,0.0,0,1,0.0,0.0,0.0,0.0,0.0
coarse,j-only,AM10,7205.T,1,1.2,1.0,0.4,0.0,0.0,0,0,0,0,0,0.0,0.0,0.0,0.0,0,1,0,0,0,0,0.0,0.0,0.0,0.0,0,1,0.0,0.0,0.0,0.0,0.0
coarse,j-only,AM10,7003.T,1,1.5,1.0,0.4,0.0,0.0,0,4,12,0,16,0.25,0.5906935884448452,0.5906935884448452,-12.741381223732644,0,1,3,10,0,13,0.23076923076923078,0.3410228690164376,0.34102286901643764,-29.079401687720058,0,1,0.08179379092465713,0.5025687399512693,-29.079401687720054,-29.079401687720058,-29.079401687720058
coarse,j-only,AM10,7202.T,1,1.2,1.0,0.4,0.0,0.0,0,0,6,0,6,0.0,0.0,0.0,-18.326801111072164,0,1,0,0,0,0,0.0,0.0,0.0,0.0,0,1,0.0,0.0,0.0,0.0,0.0
coarse,j-only,AM10,7012.T,1,1.5,1.5,0.6,0.0,0.0,0,3,1,0,4,0.75,2.400727020509753,2.400727020509753,15.417651359207284,0,1,0,0,0,0,0.0,0.0,0.0,0.0,0,1,0.0,0.0,0.0,0.0,0.0
coarse,j-only,AM10,7011.T,3,1.2,1.5,0.8,0.0,0.0,0,4,0,0,4,1.0,999.0,999.0,33.3903654764287,0,1,0,0,0,0,0.0,0.0,0.0,0.0,0,1,0.0,0.0,0.0,0.0,0.0
coarse,j-only,AM10,7259.T,1,1.2,1.5,0.4,0.0,0.0,0,3,0,0,3,1.0,999.0,999.0,19.711232537246943,0,1,0,0,0,0,0.0,0.0,0.0,0.0,0,1,0.0,0.0,0.0,0.0,0.0
coarse,j-only,AM10,7013.T,5,1.5,2.0,0.4,0.0,0.0,0,5,4,0,9,0.5555555555555556,1.58292216971505,1.58292216971505,24.456439194088667,0,1,3,8,0,11,0.2727272727272727,0.22918606390700233,0.2291860639070023,-84.97770444952107,0,1,0.09745880573921467,0.5656502930102463,-84.97770444952107,-84.97770444952107,-84.97770444952107
coarse,j-only,AM10,7261.T,1,1.2,1.0,0.4,0.0,0.0,0,1,0,0,1,1.0,999.0,999.0,9.501215362177486,0,1,0,0,0,0,0.0,0.0,0.0,0.0,0,1,0.0,0.0,0.0,0.0,0.0
coarse,j-only,AM10,7276.T,1,1.2,1.0,0.4,0.0,0.0,0,0,0,0,0,0.0,0.0,0.0,0.0,0,1,0,0,0,0,0.0,0.0,0.0,0.0,0,1,0.0,0.0,0.0,0.0,0.0
coarse,j-only,AM10,7182.T,5,1.5,2.0,0.4,0.0,0.0,0,12,4,0,16,0.75,2.4353083246063627,2.4353083246063627,17.167722336884648,0,1,1,2,0,3,0.3333333333333333,0.20923816398739578,0.20923816398739573,-26.502197495819814,0,1,0.0614903152761605,0.7923450448735121,-26.502197495819814,-26.502197495819814,-26.502197495819814
coarse,j-only,AM10,7201.T,1,1.5,1.0,0.6,0.0,0.0,0,4,14,0,18,0.2222222222222222,0.2988408248701171,0.2988408248701171,-16.494245349455415,0,1,0,0,0,0,0.0,0.0,0.0,0.0,0,1,0.0,0.0,0.0,0.0,0.0
coarse,j-only,AM10,7272.T,1,1.2,1.0,0.4,0.0,0.0,0,0,0,0,0,0.0,0.0,0.0,0.0,0,1,0,0,0,0,0.0,0.0,0.0,0.0,0,1,0.0,0.0,0.0,0.0,0.0
coarse,j-only,AM10,7203.T,1,1.2,2.0,0.8,0.0,0.0,0,8,0,0,8,1.0,999.0,999.0,14.195626214596127,0,1,0,0,0,0,0.0,0.0,0.0,0.0,0,1,0.0,0.0,0.0,0.0,0.0
coarse,j-only,AM10,7599.T,1,1.2,1.0,0.4,0.0,0.0,0,0,0,0,0,0.0,0.0,0.0,0.0,0,1,0,0,0,0,0.0,0.0,0.0,0.0,0,1,0.0,0.0,0.0,0.0,0.0
coarse,j-only,AM10,7267.T,5,1.2,1.0,0.8,0.0,0.0,0,1,0,0,1,1.0,999.0,999.0,14.646322726459292,0,1,0,0,0,0,0.0,0.0,0.0,0.0,0,1,0.0,0.0,0.0,0.0,0.0
coarse,j-only,AM10,7731.T,1,1.2,1.0,0.4,0.0,0.0,0,0,0,0,0,0.0,0.0,0.0,0.0,0,1,0,0,0,0,0.0,0.0,0.0,0.0,0,1,0.0,0.0,0.0,0.0,0.0
coarse,j-only,AM10,7730.T,1,1.2,1.0,0.4,0.0,0.0,0,0,0,0,0,0.0,0.0,0.0,0.0,0,1,0,0,0,0,0.0,0.0,0.0,0.0,0,1,0.0,0.0,0.0,0.0,0.0
coarse,j-only,AM10,7269.T,3,1.2,2.0,1.0,0.0,0.0,0,1,0,0,1,1.0,999.0,999.0,26.198652414352594,0,1,0,0,0,0,0.0,0.0,0.0,0.0,0,1,0.0,0.0,0.0,0.0,0.0
coarse,j-only,AM10,7270.T,5,1.2,1.0,0.4,0.0,0.0,0,11,6,0,17,0.6470588235294118,1.255488954635528,1.255488954635528,2.5827267646508547,0,1,2,1,0,3,0.6666666666666666,1.32246715556566,1.3224671555656597,3.5526793839982473,0,1,0.2076549551264879,0.9385096847238394,3.5526793839982465,3.5526793839982473,3.5526793839982473
coarse,j-only,AM10,7762.T,1,1.2,1.0,0.4,0.0,0.0,0,0,2,0,2,0.0,0.0,0.0,-17.995004995004994,0,1,0,0,0,0,0.0,0.0,0.0,0.0,0,1,0.0,0.0,0.0,0.0,0.0
coarse,j-only,AM10,7794.T,1,1.2,1.0,0.4,0.0,0.0,0,0,0,0,0,0.0,0.0,0.0,0.0,0,1,0,0,0,0,0.0,0.0,0.0,0.0,0,1,0.0,0.0,0.0,0.0,0.0
coarse,j-only,AM10,7776.T,1,1.2,1.0,0.4,0.0,0.0,0,0,0,0,0,0.0,0.0,0.0,0.0,0,1,0,0,0,0,0.0,0.0,0.0,0.0,0,1,0.0,0.0,0.0,0.0,0.0
coarse,j-only,AM10,7733.T,3,1.2,2.0,0.4,0.0,0.0,0,6,0,0,6,1.0,999.0,999.0,15.961650994988608,0,1,0,0,0,0,0.0,0.0,0.0,0.0,0,1,0.0,0.0,0.0,0.0,0.0
coarse,j-only,AM10,7911.T,1,1.2,1.0,0.4,0.0,0.0,0,0,0,0,0,0.0,0.0,0.0,0.0,0,1,0,0,0,0,0.0,0.0,0.0,0.0,0,1,0.0,0.0,0.0,0.0,0.0
coarse,j-only,AM10,7532.T,5,1.5,1.5,0.4,0.0,0.0,0,8,4,0,12,0.6666666666666666,0.8984879645924184,0.8984879645924183,-1.6119574886441965,0,1,0,7,0,7,0.0,0.0,0.0,-66.2930495453028,0,1,0.0,0.35433884297520657,-66.2930495453028,-66.2930495453028,-66.2930495453028
coarse,j-only,AM10,7912.T,1,1.2,1.0,0.4,0.0,0.0,0,0,0,0,0,0.0,0.0,0.0,0.0,0,1,0,0,0,0,0.0,0.0,0.0,0.0,0,1,0.0,0.0,0.0,0.0,0.0
coarse,j-only,AM10,7453.T,5,1.2,1.0,0.6,0.0,0.0,0,7,16,0,23,0.30434782608695654,0.3018340630897727,0.3018340630897727,-23.78185090232932,0,1,3,2,0,5,0.6,1.2351035144269358,1.2351035144269358,2.953525557177953,0,1,0.23071993220883708,0.8823817688407467,2.9535255571779535,2.953525557177953,2.953525557177953
coarse,j-only,AM10,7711.T,1,1.2,2.0,0.4,0.0,0.0,0,6,0,0,6,1.0,999.0,999.0,208.1160821009582,0,1,0,0,0,0,0.0,0.0,0.0,0.0,0,1,0.0,0.0,0.0,0.0,0.0
coarse,j-only,AM10,7951.T,1,1.2,1.0,0.4,0.0,0.0,0,0,0,0,0,0.0,0.0,0.0,0.0,0,1,0,0,0,0,0.0,0.0,0.0,0.0,0,1,0.0,0.0,0.0,0.0,0.0
coarse,j-only,AM10,7751.T,1,1.5,1.0,0.4,0.0,0.0,0,15,15,0,30,0.5,0.5979329232147126,0.5979329232147126,-5.422444159123921,0,1,0,0,0,0,0.0,0.0,0.0,0.0,0,1,0.0,0.0,0.0,0.0,0.0
coarse,j-only,AM10,7832.T,5,1.5,1.0,0.6,0.0,0.0,0,5,4,0,9,0.5555555555555556,1.3708982445552247,1.3708982445552247,5.866262945691228,0,1,0,0,0,0,0.0,0.0,0.0,0.0,0,1,0.0,0.0,0.0,0.0,0.0
coarse,j-only,AM10,7741.T,5,1.5,1.0,0.4,0.0,0.0,0,9,10,0,19,0.47368421052631576,0.43459334775612474,0.4345933477561247,-11.204998555786666,0,1,1,12,0,13,0.07692307692307693,0.0716485798702254,0.07164857987022541,-29.91097154276537,0,1,0.013710066379696323,0.3331453392824736,-29.91097154276537,-29.91097154276537,-29.91097154276537
coarse,j-only,AM10,7735.T,1,1.2,1.0,0.4,0.0,0.0,0,4,12,0,16,0.25,0.204724588543062,0.204724588543062,-34.766437879751926,0,1,1,1,0,2,0.5,2.2065852256087433,2.2065852256087433,19.51009712507267,0,1,0.09452865480086614,0.9054713451991339,19.510097125072665,19.51009712507267,19.51009712507267
coarse,j-only,AM10,8015.T,3,1.2,2.0,0.6,0.0,0.0,0,1,0,0,1,1.0,999.0,999.0,33.99470057035093,0,1,0,0,0,0,0.0,0.0,0.0,0.0,0,1,0.0,0.0,0.0,0.0,0.0
coarse,j-only,AM10,7936.T,5,1.2,2.0,1.0,0.0,0.0,0,8,0,0,8,1.0,999.0,999.0,26.572894664288977,0,1,0,0,0,0,0.0,0.0,0.0,0.0,0,1,0.0,0.0,0.0,0.0,0.0
coarse,j-only,AM10,8105.T,1,1.2,1.0,0.4,0.0,0.0,0,0,0,0,0,0.0,0.0,0.0,0.0,0,1,0,0,0,0,0.0,0.0,0.0,0.0,0,1,0.0,0.0,0.0,0.0,0.0
coarse,j-only,AM10,8001.T,1,1.2,2.0,0.6,0.0,0.0,0,11,0,0,11,1.0,999.0,999.0,9.2135837669732,0,1,0,0,0,0,0.0,0.0,0.0,0.0,0,1,0.0,0.0,0.0,0.0,0.0
coarse,j-only,AM10,8113.T,1,1.2,1.0,0.4,0.0,0.0,0,0,0,0,0,0.0,0.0,0.0,0.0,0,1,0,0,0,0,0.0,0.0,0.0,0.0,0,1,0.0,0.0,0.0,0.0,0.0
coarse,j-only,AM10,7974.T,3,1.5,1.0,0.6,0.0,0.0,0,15,6,0,21,0.7142857142857143,2.7936594972404065,2.793659497240407,22.668285635184688,0,1,0,3,0,3,0.0,0.0,0.0,-26.71337449377906,0,1,0.0,0.5615060804490177,-26.713374493779064,-26.71337449377906,-26.71337449377906
coarse,j-only,AM10,8002.T,5,1.2,2.0,0.4,0.0,0.0,0,8,3,0,11,0.7272727272727273,1.0091790860564471,1.0091790860564471,0.1344845809938872,0,1,1,0,0,1,1.0,999.0,999.0,12.619630304608364,0,1,0.20654329147389294,1.0,12.619630304608362,12.619630304608364,12.619630304608364
coarse,j-only,AM10,8035.T,3,1.5,1.0,0.4,0.0,0.0,0,5,12,0,17,0.29411764705882354,0.5924703007362618,0.5924703007362618,-13.075989387220275,0,1,2,4,0,6,0.3333333333333333,0.5394299705505418,0.5394299705505416,-14.834009940632592,0,1,0.09676933255921683,0.7000116786584712,-14.834009940632592,-14.834009940632592,-14.834009940632592
coarse,j-only,AM10,8031.T,1,1.2,2.0,0.4,0.0,0.0,0,12,0,0,12,1.0,999.0,999.0,14.269460118046473,0,1,4,0,0,4,1.0,999.0,999.0,9.5440757376593,0,1,0.5100999795960008,1.0,9.5440757376593,9.5440757376593,9.5440757376593
coarse,j-only,AM10,8233.T,3,1.5,2.0,0.8,0.0,0.0,0,6,4,0,10,0.6,0.8174121593885989,0.8174121593885987,-4.720960306013756,0,1,0,0,0,0,0.0,0.0,0.0,0.0,0,1,0.0,0.0,0.0,0.0,0.0
coarse,j-only,AM10,8053.T,5,1.2,2.0,0.4,0.0,0.0,0,12,3,0,15,0.8,1.37331360998786,1.3733136099878602,3.2149028529584154,0,1,2,1,0,3,0.6666666666666666,0.38233812937906664,0.3823381293790665,-6.399189650386958,0,1,0.2076549551264879,0.9385096847238394,-6.399189650386958,-6.399189650386958,-6.399189650386958
coarse,j-only,AM10,8058.T,1,1.5,2.0,0.4,0.0,0.0,0,8,3,0,11,0.7272727272727273,1.1487203612105286,1.1487203612105286,1.5336590898488074,0,1,2,2,0,4,0.5,0.3019148805340891,0.3019148805340891,-12.480437593705389,0,1,0.15003570882017148,0.8499642911798285,-12.480437593705389,-12.480437593705389,-12.480437593705389
coarse,j-only,AM10,8136.T,5,1.2,1.5,0.4,0.0,0.0,0,4,7,0,11,0.36363636363636365,0.21737308325573423,0.21737308325573426,-31.86835961967682,0,1,0,2,0,2,0.0,0.0,0.0,-56.588587445972095,0,1,0.0,0.6576280471103807,-56.5885874459721,-56.588587445972095,-56.588587445972095
coarse,j-only,AM10,8331.T,1,1.2,1.0,0.4,0.0,0.0,0,0,0,0,0,0.0,0.0,0.0,0.0,0,1,0,0,0,0,0.0,0.0,0.0,0.0,0,1,0.0,0.0,0.0,0.0,0.0
coarse,j-only,AM10,8359.T,1,1.2,1.0,0.4,0.0,0.0,0,0,0,0,0,0.0,0.0,0.0,0.0,0,1,0,0,0,0,0.0,0.0,0.0,0.0,0,1,0.0,0.0,0.0,0.0,0.0
coarse,j-only,AM10,8267.T,5,1.5,1.5,0.4,0.0,0.0,0,16,4,0,20,0.8,3.5125092911311704,3.5125092911311713,21.02021242172485,0,1,4,0,0,4,1.0,999.0,999.0,27.886528946264654,0,1,0.5100999795960008,1.0,27.886528946264654,27.886528946264654,27.886528946264654
coarse,j-only,AM10,8306.T,5,1.2,2.0,1.0,0.0,0.0,0,3,0,0,3,1.0,999.0,999.0,12.343389980255088,0,1,1,0,0,1,1.0,999.0,999.0,12.96122762148341,0,1,0.20654329147389294,1.0,12.961227621483406,12.96122762148341,12.96122762148341
coarse,j-only,AM10,8309.T,3,1.2,2.0,0.6,0.0,0.0,0,9,1,0,10,0.9,6.034560193646461,6.034560193646462,23.873751914236557,0,1,1,0,0,1,1.0,999.0,999.0,8.153887029066176,0,1,0.20654329147389294,1.0,8.153887029066176,8.153887029066176,8.153887029066176
coarse,j-only,AM10,8308.T,5,1.2,2.0,0.4,0.0,0.0,0,11,5,0,16,0.6875,1.4049480927381124,1.4049480927381126,6.739585547664783,0,1,2,0,0,2,1.0,999.0,999.0,19.739128204143462,0,1,0.34237195288961925,1.0,19.739128204143466,19.739128204143462,19.739128204143462
coarse,j-only,AM10,8316.T,5,1.2,2.0,0.4,0.0,0.0,0,11,12,0,23,0.4782608695652174,0.3523747594954608,0.3523747594954608,-20.588728674982587,0,1,1,2,0,3,0.3333333333333333,0.1563433474648844,0.15634334746488437,-28.905112640118833,0,1,0.0614903152761605,0.7923450448735121,-28.905112640118833,-28.905112640118833,-28.905112640118833
coarse,j-only,AM10,8601.T,1,1.2,1.0,0.4,0.0,0.0,0,3,0,0,3,1.0,999.0,999.0,8.887781669001223,0,1,0,0,0,0,0.0,0.0,0.0,0.0,0,1,0.0,0.0,0.0,0.0,0.0
coarse,j-only,AM10,8411.T,3,1.2,2.0,0.4,0.0,0.0,0,12,0,0,12,1.0,999.0,999.0,27.714619739759154,0,1,1,3,0,4,0.25,0.1177551731983818,0.1177551731983818,-38.76163334982191,0,1,0.045586062644636216,0.6993639475573634,-38.76163334982191,-38.76163334982191,-38.76163334982191
coarse,j-only,AM10,8591.T,5,1.5,2.0,0.4,0.0,0.0,0,11,5,0,16,0.6875,0.8236373319460653,0.8236373319460653,-2.0676055254092702,0,1,0,0,0,0,0.0,0.0,0.0,0.0,0,1,0.0,0.0,0.0,0.0,0.0
coarse,j-only,AM10,8473.T,5,1.5,1.5,0.4,0.0,0.0,0,5,8,0,13,0.38461538461538464,0.4619673473967053,0.46196734739670536,-13.022627867410204,0,1,0,9,0,9,0.0,0.0,0.0,-106.50033659086803,0,1,0.0,0.2991527535509594,-106.50033659086806,-106.50033659086803,-106.50033659086803
coarse,j-only,AM10,8604.T,5,1.5,1.5,0.8,0.0,0.0,0,2,1,0,3,0.6666666666666666,1.3371854889362724,1.3371854889362722,3.5854101180404605,0,1,0,0,0,0,0.0,0.0,0.0,0.0,0,1,0.0,0.0,0.0,0.0,0.0
coarse,j-only,AM10,8697.T,1,1.2,1.0,0.4,0.0,0.0,0,0,0,0,0,0.0,0.0,0.0,0.0,0,1,0,0,0,0,0.0,0.0,0.0,0.0,0,1,0.0,0.0,0.0,0.0,0.0
coarse,j-only,AM10,8630.T,5,1.5,2.0,0.4,0.0,0.0,0,14,3,0,17,0.8235294117647058,2.000092928483486,2.000092928483485,7.711051422446091,0,1,1,0,0,1,1.0,999.0,999.0,12.345534407028378,0,1,0.20654329147389294,1.0,12.345534407028381,12.345534407028378,12.345534407028378
coarse,j-only,AM10,8795.T,1,1.2,1.5,1.0,0.0,0.0,0,3,0,0,3,1.0,999.0,999.0,5.094782624999427,0,1,0,0,0,0,0.0,0.0,0.0,0.0,0,1,0.0,0.0,0.0,0.0,0.0
coarse,j-only,AM10,8725.T,3,1.2,1.0,0.6,0.0,0.0,0,8,0,0,8,1.0,999.0,999.0,9.803942732478589,0,1,0,2,0,2,0.0,0.0,0.0,-25.054745996791546,0,1,0.0,0.6576280471103807,-25.054745996791546,-25.054745996791546,-25.054745996791546
coarse,j-only,AM10,8750.T,1,1.5,1.5,1.0,0.0,0.0,0,5,1,0,6,0.8333333333333334,56.87832564286375,56.878325642863764,15.833365686848138,0,1,0,0,0,0,0.0,0.0,0.0,0.0,0,1,0.0,0.0,0.0,0.0,0.0
coarse,j-only,AM10,8729.T,1,1.2,1.0,0.4,0.0,0.0,0,3,0,0,3,1.0,999.0,999.0,115.93359993479578,0,1,0,3,0,3,0.0,0.0,0.0,-27.668039057934404,0,1,0.0,0.5615060804490177,-27.6680390579344,-27.668039057934404,-27.668039057934404
coarse,j-only,AM10,9021.T,1,1.2,1.0,0.4,0.0,0.0,0,0,0,0,0,0.0,0.0,0.0,0.0,0,1,0,0,0,0,0.0,0.0,0.0,0.0,0,1,0.0,0.0,0.0,0.0,0.0
coarse,j-only,AM10,8766.T,3,1.2,1.0,0.6,0.0,0.0,0,5,0,0,5,1.0,999.0,999.0,15.780469238460743,0,1,0,2,0,2,0.0,0.0,0.0,-34.89890367141976,0,1,0.0,0.6576280471103807,-34.89890367141976,-34.89890367141976,-34.89890367141976
coarse,j-only,AM10,8802.T,1,1.5,1.0,0.8,0.0,0.0,0,2,1,0,3,0.6666666666666666,1.2861230760700557,1.2861230760700555,2.1801473017641086,0,1,0,0,0,0,0.0,0.0,0.0,0.0,0,1,0.0,0.0,0.0,0.0,0.0
coarse,j-only,AM10,9023.T,3,1.2,2.0,0.4,0.0,0.0,0,4,0,0,4,1.0,999.0,999.0,6.6436988311292,0,1,2,0,0,2,1.0,999.0,999.0,1.7687604604301237,0,1,0.34237195288961925,1.0,1.7687604604301228,1.7687604604301237,1.7687604604301237
coarse,j-only,AM10,8801.T,1,1.5,1.0,0.4,0.0,0.0,0,6,8,0,14,0.42857142857142855,0.6056371393954746,0.6056371393954746,-6.006468840254129,0,1,0,3,0,3,0.0,0.0,0.0,-26.898347999360738,0,1,0.0,0.5615060804490177,-26.898347999360738,-26.898347999360738,-26.898347999360738
coarse,j-only,AM10,9143.T,1,1.2,1.0,0.4,0.0,0.0,0,0,0,0,0,0.0,0.0,0.0,0.0,0,1,0,0,0,0,0.0,0.0,0.0,0.0,0,1,0.0,0.0,0.0,0.0,0.0
coarse,j-only,AM10,9020.T,3,1.2,1.0,0.8,0.0,0.0,0,2,0,0,2,1.0,999.0,999.0,19.017292920116397,0,1,0,0,0,0,0.0,0.0,0.0,0.0,0,1,0.0,0.0,0.0,0.0,0.0
coarse,j-only,AM10,9024.T,5,1.2,1.0,0.8,0.0,0.0,0,11,0,0,11,1.0,999.0,999.0,23.435282018025212,0,1,0,0,0,0,0.0,0.0,0.0,0.0,0,1,0.0,0.0,0.0,0.0,0.0
coarse,j-only,AM10,9202.T,1,1.2,1.0,0.4,0.0,0.0,0,0,0,0,0,0.0,0.0,0.0,0.0,0,1,0,0,0,0,0.0,0.0,0.0,0.0,0,1,0.0,0.0,0.0,0.0,0.0
coarse,j-only,AM10,9022.T,5,1.2,2.0,1.0,0.0,0.0,0,4,0,0,4,1.0,999.0,999.0,16.75073712122177,0,1,0,0,0,0,0.0,0.0,0.0,0.0,0,1,0.0,0.0,0.0,0.0,0.0
coarse,j-only,AM10,9227.T,1,1.2,1.0,0.4,0.0,0.0,0,0,0,0,0,0.0,0.0,0.0,0.0,0,1,0,0,0,0,0.0,0.0,0.0,0.0,0,1,0.0,0.0,0.0,0.0,0.0
coarse,j-only,AM10,9418.T,1,1.2,1.0,0.4,0.0,0.0,0,0,0,0,0,0.0,0.0,0.0,0.0,0,1,0,0,0,0,0.0,0.0,0.0,0.0,0,1,0.0,0.0,0.0,0.0,0.0
coarse,j-only,AM10,8830.T,1,1.5,1.5,0.4,0.0,0.0,0,8,2,0,10,0.8,4.005267805019868,4.0052678050198685,16.50475465225746,0,1,2,2,0,4,0.5,0.46042451580335997,0.46042451580335997,-10.694739529905547,0,1,0.15003570882017148,0.8499642911798285,-10.694739529905545,-10.694739529905547,-10.694739529905547
coarse,j-only,AM10,9240.T,3,1.2,1.0,0.4,0.0,0.0,0,0,0,0,0,0.0,0.0,0.0,0.0,0,1,0,1,0,1,0.0,0.0,0.0,-313.0904786064602,0,1,0.0,0.7934567085261071,-313.0904786064602,-313.0904786064602,-313.0904786064602
coarse,j-only,AM10,9201.T,3,1.2,1.0,0.4,0.0,0.0,0,1,0,0,1,1.0,999.0,999.0,2.8014689997844613,0,1,0,0,0,0,0.0,0.0,0.0,0.0,0,1,0.0,0.0,0.0,0.0,0.0
coarse,j-only,AM10,9502.T,1,1.2,1.0,0.4,0.0,0.0,0,0,0,0,0,0.0,0.0,0.0,0.0,0,1,0,0,0,0,0.0,0.0,0.0,0.0,0,1,0.0,0.0,0.0,0.0,0.0
coarse,j-only,AM10,9101.T,3,1.2,2.0,0.4,0.0,0.0,0,10,8,0,18,0.5555555555555556,0.550567463868091,0.550567463868091,-8.486899339317091,0,1,1,0,0,1,1.0,999.0,999.0,11.996057756776654,0,1,0.20654329147389294,1.0,11.99605775677665,11.996057756776654,11.996057756776654
coarse,j-only,AM10,9107.T,3,1.5,2.0,0.4,0.0,0.0,0,16,5,0,21,0.7619047619047619,2.8267165278684367,2.826716527868436,17.318065180952853,0,1,2,0,0,2,1.0,999.0,999.0,13.009068952696543,0,1,0.34237195288961925,1.0,13.00906895269654,13.009068952696543,13.009068952696543
coarse,j-only,AM10,9104.T,3,1.5,1.0,1.0,0.0,0.0,0,6,2,0,8,0.75,4.739920361410499,4.739920361410499,16.49131864307769,0,1,0,0,0,0,0.0,0.0,0.0,0.0,0,1,0.0,0.0,0.0,0.0,0.0
coarse,j-only,AM10,9504.T,1,1.2,1.0,0.4,0.0,0.0,0,0,0,0,0,0.0,0.0,0.0,0.0,0,1,0,0,0,0,0.0,0.0,0.0,0.0,0,1,0.0,0.0,0.0,0.0,0.0
coarse,j-only,AM10,9513.T,1,1.2,1.0,0.4,0.0,0.0,0,0,0,0,0,0.0,0.0,0.0,0.0,0,1,0,0,0,0,0.0,0.0,0.0,0.0,0,1,0.0,0.0,0.0,0.0,0.0
coarse,j-only,AM10,9434.T,1,1.2,1.5,0.4,0.0,0.0,0,14,11,0,25,0.56,0.5033224159484265,0.5033224159484266,-4.014133535102626,0,1,2,2,0,4,0.5,0.38251116240568594,0.38251116240568594,-4.8102637510681605,0,1,0.15003570882017148,0.8499642911798285,-4.8102637510681605,-4.8102637510681605,-4.8102637510681605
coarse,j-only,AM10,9433.T,1,1.5,1.0,0.4,0.0,0.0,0,11,11,0,22,0.5,0.5941037469330602,0.5941037469330603,-4.374907327873753,0,1,1,2,0,3,0.3333333333333333,0.39573632444226964,0.3957363244422696,-8.740718358987417,0,1,0.0614903152761605,0.7923450448735121,-8.740718358987419,-8.740718358987417,-8.740718358987417
coarse,j-only,AM10,9432.T,1,1.5,1.5,0.4,0.0,0.0,0,8,3,0,11,0.7272727272727273,1.6861838030138359,1.686183803013836,3.2649411668620547,0,1,2,1,0,3,0.6666666666666666,0.4841842560066773,0.4841842560066772,-4.744599785243175,0,1,0.2076549551264879,0.9385096847238394,-4.744599785243175,-4.744599785243175,-4.744599785243175
coarse,j-only,AM10,9509.T,1,1.2,1.0,0.6,0.0,0.0,0,2,0,0,2,1.0,999.0,999.0,33.27254812793694,0,1,0,0,0,0,0.0,0.0,0.0,0.0,0,1,0.0,0.0,0.0,0.0,0.0
coarse,j-only,AM10,9602.T,3,1.2,1.0,0.4,0.0,0.0,0,2,0,0,2,1.0,999.0,999.0,19.12483903357243,0,1,0,0,0,0,0.0,0.0,0.0,0.0,0,1,0.0,0.0,0.0,0.0,0.0
coarse,j-only,AM10,9501.T,5,1.5,1.0,0.4,0.0,0.0,0,4,5,0,9,0.4444444444444444,0.5374975434144532,0.5374975434144531,-19.768684719469302,0,1,0,2,0,2,0.0,0.0,0.0,-41.95477729356024,0,1,0.0,0.6576280471103807,-41.95477729356025,-41.95477729356024,-41.95477729356024
coarse,j-only,AM10,9831.T,3,1.5,2.0,0.6,0.0,0.0,0,5,3,0,8,0.625,1.1791828719522621,1.1791828719522621,2.3937333914569545,0,1,0,0,0,0,0.0,0.0,0.0,0.0,0,1,0.0,0.0,0.0,0.0,0.0
coarse,j-only,AM10,9962.T,1,1.2,1.0,0.4,0.0,0.0,0,0,0,0,0,0.0,0.0,0.0,0.0,0,1,0,0,0,0,0.0,0.0,0.0,0.0,0,1,0.0,0.0,0.0,0.0,0.0
coarse,j-only,AM10,9861.T,1,1.2,1.0,0.4,0.0,0.0,0,0,0,0,0,0.0,0.0,0.0,0.0,0,1,0,0,0,0,0.0,0.0,0.0,0.0,0,1,0.0,0.0,0.0,0.0,0.0
coarse,j-only,AM10,9697.T,1,1.2,1.5,1.0,0.0,0.0,0,4,0,0,4,1.0,999.0,999.0,14.50265898060502,0,1,0,0,0,0,0.0,0.0,0.0,0.0,0,1,0.0,0.0,0.0,0.0,0.0
coarse,j-only,AM10,9503.T,5,1.2,2.0,0.6,0.0,0.0,0,8,1,0,9,0.8888888888888888,4.287651302314445,4.287651302314443,20.357212798313977,0,1,1,4,0,5,0.2,0.07865501966706849,0.07865501966706849,-34.643511734769795,0,1,0.03622316096978745,0.6244717358814613,-34.643511734769795,-34.643511734769795,-34.643511734769795
coarse,j-only,AM10,9843.T,1,1.5,1.0,0.4,0.0,0.0,0,5,12,0,17,0.29411764705882354,0.7407247467887137,0.7407247467887136,-5.701375030109851,0,1,1,4,0,5,0.2,0.5831424580781507,0.5831424580781507,-6.498638491256385,0,1,0.03622316096978745,0.6244717358814613,-6.498638491256386,-6.498638491256385,-6.498638491256385
coarse,j-only,AM10,9984.T,1,1.5,1.5,0.4,0.0,0.0,0,17,3,0,20,0.85,5.8245104712410605,5.824510471241059,40.209994015280635,0,1,0,4,0,4,0.0,0.0,0.0,-91.46109005101991,0,1,0.0,0.48990002040399916,-91.46109005101992,-91.46109005101991,-91.46109005101991
coarse,j-only,AM10,9983.T,5,1.5,1.5,0.4,0.0,0.0,0,7,7,0,14,0.5,0.8474451830194366,0.8474451830194365,-2.7457117552731356,0,1,2,0,0,2,1.0,999.0,999.0,35.13010120868688,0,1,0.34237195288961925,1.0,35.130101208686874,35.13010120868688,35.13010120868688
