winrate_TR,pf_TR,trades_TR,code,ATR_n_TR,TPk_TR,SLk_TR,J_th_TR,dJ_th_TR,vEMA_th_TR,PF_eff_TR,winrate_FW,pf_FW,trades_FW,ATR_n_FW,TPk_FW,SLk_FW,J_th_FW,dJ_th_FW,vEMA_th_FW,PF_eff_FW
0.2777777777777778,0.18756660746003553,792,1321.T,1,1.2,2.5,0.6,0.05,0.02,0.18443328903981498,0.0,0.0,0,1,1.2,2.5,0.6,0.05,0.02,0.0
0.32249674902470743,0.23069767441860461,769,1357.T,5,1.2,2.5,0.6,0.05,0.05,0.22825832010148311,0.0,0.0,0,5,1.2,2.5,0.6,0.05,0.05,0.0
0.3166421207658321,0.22582056892778993,679,1360.T,1,1.2,2.5,0.6,0.05,0.02,0.22219441502857018,0.0,0.0,0,1,1.2,2.5,0.6,0.05,0.02,0.0
0.1961023142509135,0.19544764795144157,821,1407.T,3,1.2,1.5,1.0,0.05,0.05,0.19491745816372683,0.0,0.0,0,3,1.2,1.5,1.0,0.05,0.05,0.0
0.3075313807531381,0.2147945205479452,956,1458.T,5,1.2,2.5,0.6,0.05,0.02,0.21296194281274103,0.0,0.0,0,5,1.2,2.5,0.6,0.05,0.02,0.0
0.36774193548387096,0.2825473321858864,930,1540.T,5,1.2,2.5,0.6,0.05,0.02,0.2789083003642916,0.0,0.0,0,5,1.2,2.5,0.6,0.05,0.02,0.0
0.3175745118191161,0.37682926829268293,973,1541.T,2,1.2,1.5,0.6,0.02,0.02,0.37184264777660747,0.0,0.0,0,2,1.2,1.5,0.6,0.02,0.02,0.0
0.42748091603053434,0.3690617848970252,786,1542.T,5,1.2,2.5,1.0,0.05,0.02,0.35804649178929415,0.0,0.0,0,5,1.2,2.5,1.0,0.05,0.02,0.0
0.34027055150884494,0.25113599999999997,961,1570.T,2,1.2,2.5,0.6,0.02,0.02,0.24732678602784017,0.0,0.0,0,2,1.2,2.5,0.6,0.02,0.02,0.0
0.3300395256916996,0.23751111111111112,1012,1579.T,2,1.2,2.5,0.6,0.05,0.02,0.23622694425099605,0.0,0.0,0,2,1.2,2.5,0.6,0.05,0.02,0.0
0.20842105263157895,0.21148197596795726,950,1605.T,5,1.2,1.5,0.6,0.05,0.02,0.21038566665154473,0.0,0.0,0,5,1.2,1.5,0.6,0.05,0.02,0.0
0.4,0.5333333333333333,65,168A.T,3,1.2,1.5,1.0,0.05,0.05,0.5326936744847194,0.0,0.0,0,3,1.2,1.5,1.0,0.05,0.05,0.0
0.32538860103626943,0.23295208655332303,965,1802.T,5,1.2,2.5,0.6,0.02,0.02,0.2312923766084561,0.0,0.0,0,5,1.2,2.5,0.6,0.02,0.02,0.0
0.3443496801705757,0.25542009884678746,938,1803.T,3,1.2,2.5,0.6,0.02,0.05,0.251848904285588,0.0,0.0,0,3,1.2,2.5,0.6,0.02,0.05,0.0
0.26344676180021953,0.21524663677130046,911,1812.T,5,1.2,2.0,0.6,0.02,0.05,0.21437624652076576,0.0,0.0,0,5,1.2,2.0,0.6,0.02,0.05,0.0
0.3932432432432432,0.316734693877551,740,186A.T,2,1.2,2.5,1.0,0.02,0.05,0.31078446879181293,0.0,0.0,0,2,1.2,2.5,1.0,0.02,0.05,0.0
0.3915289256198347,0.310974358974359,968,1893.T,5,1.2,2.5,1.0,0.02,0.02,0.3085578319521794,0.0,0.0,0,5,1.2,2.5,1.0,0.02,0.02,0.0
0.36496350364963503,0.27768595041322314,959,1911.T,5,1.2,2.5,1.0,0.02,0.02,0.27558997212845915,0.0,0.0,0,5,1.2,2.5,1.0,0.02,0.02,0.0
0.3445867287543655,0.2546236559139785,859,1925.T,5,1.2,2.5,0.6,0.05,0.05,0.2521134267229868,0.0,0.0,0,5,1.2,2.5,0.6,0.05,0.05,0.0
0.3587521663778163,0.2775418994413408,577,1928.T,1,1.2,2.5,0.6,0.05,0.02,0.2682756653006174,0.0,0.0,0,1,1.2,2.5,0.6,0.05,0.02,0.0
0.22819593787335724,0.23653250773993806,837,1942.T,3,1.2,1.5,0.8,0.05,0.05,0.23624882003076178,0.0,0.0,0,3,1.2,1.5,0.8,0.05,0.05,0.0
0.2712765957446808,0.30357142857142855,940,2036.T,5,1.2,1.5,0.6,0.02,0.02,0.2974530372122702,0.0,0.0,0,5,1.2,1.5,0.6,0.02,0.02,0.0
0.25103734439834025,0.2681440443213296,964,2127.T,5,1.2,1.5,1.0,0.02,0.02,0.2678224429888547,0.0,0.0,0,5,1.2,1.5,1.0,0.02,0.02,0.0
0.3532440782698249,0.26683954619124794,971,215A.T,5,1.2,2.5,0.8,0.02,0.02,0.2619070177797882,0.0,0.0,0,5,1.2,2.5,0.8,0.02,0.02,0.0
0.23529411764705882,0.24648648648648647,969,2160.T,3,1.2,1.5,0.6,0.05,0.02,0.24585861899294736,0.0,0.0,0,3,1.2,1.5,0.6,0.05,0.02,0.0
0.3903868698710434,0.3103689320388349,853,2181.T,3,1.2,2.5,1.0,0.05,0.02,0.30708142625129187,0.0,0.0,0,3,1.2,2.5,1.0,0.05,0.02,0.0
0.3365487674169346,0.24547231270358308,933,218A.T,5,1.2,2.5,0.8,0.02,0.02,0.24324933307286745,0.0,0.0,0,5,1.2,2.5,0.8,0.02,0.02,0.0
0.4017991004497751,0.32484848484848483,667,219A.T,2,1.2,2.5,1.0,0.05,0.05,0.3220880095311857,0.0,0.0,0,2,1.2,2.5,1.0,0.05,0.05,0.0
0.2820121951219512,0.19096774193548388,656,2267.T,1,1.2,2.5,1.0,0.05,0.05,0.18834907012346283,0.0,0.0,0,1,1.2,2.5,1.0,0.05,0.05,0.0
0.32127659574468087,0.22900473933649287,940,2269.T,2,1.2,2.5,0.6,0.05,0.02,0.22698592249853092,0.0,0.0,0,2,1.2,2.5,0.6,0.05,0.02,0.0
0.3004059539918809,0.2114285714285714,739,2334.T,3,1.2,2.5,0.6,0.02,0.05,0.20590888671911256,0.0,0.0,0,3,1.2,2.5,0.6,0.02,0.05,0.0
0.33607520564042304,0.2455813953488372,851,2413.T,5,1.2,2.5,0.6,0.05,0.05,0.2427337942124007,0.0,0.0,0,5,1.2,2.5,0.6,0.05,0.05,0.0
0.3113026819923372,0.21910112359550563,1044,2432.T,2,1.2,2.5,0.6,0.02,0.02,0.21675400450437227,0.0,0.0,0,2,1.2,2.5,0.6,0.02,0.02,0.0
0.32210526315789473,0.23167192429022082,475,2433.T,1,1.2,2.5,1.0,0.05,0.02,0.22784957260881483,0.0,0.0,0,1,1.2,2.5,1.0,0.05,0.02,0.0
0.3393939393939394,0.3116883116883117,825,247A.T,5,1.2,2.0,0.6,0.05,0.05,0.30792820486484307,0.0,0.0,0,5,1.2,2.0,0.6,0.05,0.05,0.0
0.32570659488559894,0.23466666666666663,743,2502.T,5,1.2,2.5,0.8,0.05,0.05,0.2316275957362307,0.0,0.0,0,5,1.2,2.5,0.8,0.05,0.05,0.0
0.3147751605995717,0.22223622047244096,934,2503.T,5,1.2,2.5,0.6,0.05,0.02,0.22028250959692897,0.0,0.0,0,5,1.2,2.5,0.6,0.05,0.02,0.0
0.35978835978835977,0.27199999999999996,756,2670.T,3,1.2,2.5,1.0,0.05,0.05,0.26948599588627503,0.0,0.0,0,3,1.2,2.5,1.0,0.05,0.05,0.0
0.27035490605427975,0.22424242424242424,958,2726.T,5,1.2,2.0,0.8,0.05,0.02,0.22208055261443355,0.0,0.0,0,5,1.2,2.0,0.8,0.05,0.02,0.0
0.44497041420118344,0.3881290322580645,845,2768.T,5,1.2,2.5,1.0,0.05,0.02,0.3844391969409874,0.0,0.0,0,5,1.2,2.5,1.0,0.05,0.02,0.0
0.20809248554913296,0.2117647058823529,346,276A.T,2,1.2,1.5,1.0,0.05,0.02,0.20996684979689667,0.0,0.0,0,2,1.2,1.5,1.0,0.05,0.02,0.0
0.3127853881278539,0.21956594323873121,876,2801.T,5,1.2,2.5,0.6,0.02,0.05,0.21825627095010666,0.0,0.0,0,5,1.2,2.5,0.6,0.02,0.05,0.0
0.31688804554079697,0.22708215297450426,1054,2802.T,2,1.2,2.5,0.6,0.02,0.02,0.22244703916968792,0.0,0.0,0,2,1.2,2.5,0.6,0.02,0.02,0.0
0.44664031620553357,0.40781954887218047,759,285A.T,5,1.2,2.5,0.6,0.05,0.02,0.38704643085641166,0.0,0.0,0,5,1.2,2.5,0.6,0.05,0.02,0.0
0.2598752598752599,0.1694915254237288,962,2897.T,2,1.2,2.5,0.8,0.02,0.05,0.16837308690432548,0.0,0.0,0,2,1.2,2.5,0.8,0.02,0.05,0.0
0.27613412228796846,0.18797202797202797,1014,290A.T,2,1.2,2.5,0.6,0.02,0.02,0.18292565997409443,0.0,0.0,0,2,1.2,2.5,0.6,0.02,0.02,0.0
0.348302300109529,0.2578378378378378,913,2914.T,5,1.2,2.5,0.6,0.02,0.05,0.25628477878675465,0.0,0.0,0,5,1.2,2.5,0.6,0.02,0.05,0.0
0.31905781584582443,0.22704761904761903,934,3003.T,2,1.2,2.5,0.6,0.05,0.05,0.22468382444661736,0.0,0.0,0,2,1.2,2.5,0.6,0.05,0.05,0.0
0.30943396226415093,0.21866666666666665,1060,3038.T,2,1.2,2.5,0.6,0.05,0.02,0.21486982089228715,0.0,0.0,0,2,1.2,2.5,0.6,0.05,0.02,0.0
0.2955665024630542,0.20317460317460317,812,3064.T,1,1.2,2.5,1.0,0.05,0.05,0.2011999516797982,0.0,0.0,0,1,1.2,2.5,1.0,0.05,0.05,0.0
0.41397849462365593,0.34542056074766353,744,3086.T,2,1.2,2.5,1.0,0.05,0.05,0.33874811436487123,0.0,0.0,0,2,1.2,2.5,1.0,0.05,0.05,0.0
0.3388235294117647,0.24863309352517984,850,3088.T,5,1.2,2.5,0.6,0.05,0.05,0.24573602639326236,0.0,0.0,0,5,1.2,2.5,0.6,0.05,0.05,0.0
0.32116004296455425,0.23,931,3092.T,5,1.2,2.5,1.0,0.02,0.02,0.22686461851194964,0.0,0.0,0,5,1.2,2.5,1.0,0.02,0.02,0.0
0.21451440768409819,0.16475409836065574,937,3099.T,3,1.2,2.0,1.0,0.02,0.02,0.16368398292856773,0.0,0.0,0,3,1.2,2.0,1.0,0.02,0.02,0.0
0.36594663278271916,0.27927272727272723,787,3141.T,5,1.2,2.5,0.8,0.05,0.05,0.2767608152966201,0.0,0.0,0,5,1.2,2.5,0.8,0.05,0.05,0.0
0.40836653386454186,0.34770318021201413,502,314A.T,1,1.2,2.5,0.6,0.05,0.02,0.3309863402633717,0.0,0.0,0,1,1.2,2.5,0.6,0.05,0.02,0.0
0.36674259681093396,0.2794936708860759,878,3231.T,3,1.2,2.5,0.8,0.05,0.02,0.2777114201153473,0.0,0.0,0,3,1.2,2.5,0.8,0.05,0.02,0.0
0.4400527009222661,0.3826252983293556,759,3289.T,3,1.2,2.5,1.0,0.05,0.05,0.3768514545933536,0.0,0.0,0,3,1.2,2.5,1.0,0.05,0.05,0.0
0.2789034564958284,0.18751252086811354,839,3349.T,5,1.2,2.5,0.6,0.02,0.05,0.18546977363937756,0.0,0.0,0,5,1.2,2.5,0.6,0.02,0.05,0.0
0.4385245901639344,0.38811083123425694,732,3350.T,3,1.2,2.5,1.0,0.02,0.05,0.37452073730566804,0.0,0.0,0,3,1.2,2.5,1.0,0.02,0.05,0.0
0.42424242424242425,0.36324324324324325,132,3370.T,1,1.2,2.5,1.0,0.05,0.05,0.35333535373943503,0.0,0.0,0,1,1.2,2.5,1.0,0.05,0.05,0.0
0.4041331802525832,0.3312941176470588,871,3382.T,3,1.2,2.5,0.6,0.05,0.05,0.32522802722396654,0.0,0.0,0,3,1.2,2.5,0.6,0.05,0.05,0.0
0.358974358974359,0.27382003395585736,936,3391.T,3,1.2,2.5,1.0,0.02,0.02,0.26853486884197064,0.0,0.0,0,3,1.2,2.5,1.0,0.02,0.02,0.0
0.37157894736842106,0.2876740237691002,950,3402.T,5,1.2,2.5,0.8,0.02,0.02,0.2835391502189986,0.0,0.0,0,5,1.2,2.5,0.8,0.02,0.02,0.0
0.3641160949868074,0.2754261954261954,758,3405.T,5,1.2,2.5,0.8,0.05,0.05,0.27458366849579097,0.0,0.0,0,5,1.2,2.5,0.8,0.05,0.05,0.0
0.4287581699346405,0.3644444444444444,765,3407.T,3,1.2,2.5,1.0,0.05,0.05,0.35991924231843064,0.0,0.0,0,3,1.2,2.5,1.0,0.05,0.05,0.0
0.3618843683083512,0.27876288659793813,934,3436.T,2,1.2,2.5,1.0,0.05,0.05,0.2719462657855527,0.0,0.0,0,2,1.2,2.5,1.0,0.05,0.05,0.0
0.31780167264038234,0.28098591549295776,837,3563.T,2,1.2,2.0,0.8,0.05,0.05,0.27921160782622156,0.0,0.0,0,2,1.2,2.0,0.8,0.05,0.05,0.0
0.3604887983706721,0.2753970826580227,982,3635.T,2,1.2,2.5,0.6,0.05,0.05,0.27030636820421294,0.0,0.0,0,2,1.2,2.5,0.6,0.05,0.05,0.0
0.26136363636363635,0.28307692307692306,88,3647.T,1,1.2,1.5,0.6,0.02,0.02,0.28273741184188944,0.0,0.0,0,1,1.2,1.5,0.6,0.02,0.02,0.0
0.3411420204978038,0.2518918918918919,683,3687.T,1,1.2,2.5,0.6,0.05,0.05,0.24828819222293308,0.0,0.0,0,1,1.2,2.5,0.6,0.05,0.05,0.0
0.3534971644612476,0.2679402985074627,529,3692.T,1,1.2,2.5,0.6,0.05,0.05,0.2621972664653744,0.0,0.0,0,1,1.2,2.5,0.6,0.05,0.05,0.0
0.3245521601685985,0.2324528301886792,949,3697.T,2,1.2,2.5,1.0,0.05,0.02,0.23041213395176885,0.0,0.0,0,2,1.2,2.5,1.0,0.05,0.02,0.0
0.33406593406593404,0.24279534109816972,910,3774.T,3,1.2,2.5,1.0,0.02,0.02,0.2405545736915342,0.0,0.0,0,3,1.2,2.5,1.0,0.02,0.02,0.0
0.31899641577060933,0.22723404255319146,837,3861.T,3,1.2,2.5,0.6,0.05,0.05,0.22462033202006942,0.0,0.0,0,3,1.2,2.5,0.6,0.05,0.05,0.0
0.3105656350053362,0.21962264150943395,937,3905.T,5,1.2,2.5,0.6,0.02,0.02,0.21600963852557897,0.0,0.0,0,5,1.2,2.5,0.6,0.02,0.02,0.0
0.27030625832223704,0.29635036496350364,751,3923.T,5,1.2,1.5,0.6,0.02,0.05,0.2959949340886808,0.0,0.0,0,5,1.2,1.5,0.6,0.02,0.05,0.0
0.21345707656612528,0.21970149253731341,431,3935.T,1,1.2,1.5,0.6,0.05,0.05,0.21684875244510696,0.0,0.0,0,1,1.2,1.5,0.6,0.05,0.05,0.0
0.3135678391959799,0.22088495575221237,995,4004.T,5,1.2,2.5,0.6,0.02,0.02,0.21905166042327662,0.0,0.0,0,5,1.2,2.5,0.6,0.02,0.02,0.0
0.35336538461538464,0.26426966292134835,832,4005.T,3,1.2,2.5,0.6,0.05,0.05,0.2620461080706962,0.0,0.0,0,3,1.2,2.5,0.6,0.05,0.05,0.0
0.398989898989899,0.3278386167146974,594,402A.T,1,1.2,2.5,0.6,0.05,0.02,0.3183411560401513,0.0,0.0,0,1,1.2,2.5,0.6,0.05,0.02,0.0
0.3516597510373444,0.2620289855072464,964,4042.T,2,1.2,2.5,0.6,0.02,0.05,0.2600952015355087,0.0,0.0,0,2,1.2,2.5,0.6,0.02,0.05,0.0
0.27358490566037735,0.1813024602026049,954,4043.T,2,1.2,2.5,0.6,0.05,0.02,0.1806009090078188,0.0,0.0,0,2,1.2,2.5,0.6,0.05,0.02,0.0
0.25638297872340426,0.20895953757225433,940,4062.T,3,1.2,2.0,0.6,0.02,0.05,0.20664638293466592,0.0,0.0,0,3,1.2,2.0,0.6,0.02,0.05,0.0
0.3377885783718105,0.24802973977695164,823,4063.T,3,1.2,2.5,0.6,0.05,0.05,0.2446025345284005,0.0,0.0,0,3,1.2,2.5,0.6,0.05,0.05,0.0
0.24435590969455512,0.2596119929453263,753,4088.T,5,1.2,1.5,1.0,0.02,0.05,0.25838919887132256,0.0,0.0,0,5,1.2,1.5,1.0,0.02,0.05,0.0
0.27624309392265195,0.3076923076923077,181,4176.T,1,1.2,1.5,0.8,0.02,0.02,0.30497729455232025,0.0,0.0,0,1,1.2,1.5,0.8,0.02,0.02,0.0
0.33797909407665505,0.24678445229681978,861,4182.T,5,1.2,2.5,0.6,0.05,0.05,0.24481092366232282,0.0,0.0,0,5,1.2,2.5,0.6,0.05,0.05,0.0
0.36213991769547327,0.2756280587275693,972,4188.T,5,1.2,2.5,0.6,0.05,0.02,0.272247332466514,0.0,0.0,0,5,1.2,2.5,0.6,0.05,0.02,0.0
0.24203187250996017,0.25646437994722954,1004,4204.T,2,1.2,1.5,0.6,0.05,0.02,0.25514697023611066,0.0,0.0,0,2,1.2,1.5,0.6,0.05,0.02,0.0
0.3,0.39999999999999997,20,423A.T,2,1.2,1.5,1.0,0.05,0.05,0.34244593359731956,0.0,0.0,0,2,1.2,1.5,1.0,0.05,0.05,0.0
0.3969658659924147,0.3166386554621849,791,4307.T,3,1.2,2.5,0.8,0.05,0.05,0.31566318065430804,0.0,0.0,0,3,1.2,2.5,0.8,0.05,0.05,0.0
0.30734966592427615,0.21789473684210525,898,4385.T,5,1.2,2.5,0.6,0.02,0.05,0.2127802704420759,0.0,0.0,0,5,1.2,2.5,0.6,0.02,0.05,0.0
0.38471502590673573,0.3033191489361702,772,4443.T,5,1.2,2.5,0.6,0.02,0.05,0.2998302858874634,0.0,0.0,0,5,1.2,2.5,0.6,0.02,0.05,0.0
0.315035799522673,0.36923076923076925,419,4446.T,5,1.2,1.5,1.0,0.05,0.02,0.3675029531288308,0.0,0.0,0,5,1.2,1.5,1.0,0.05,0.02,0.0
0.3137724550898204,0.22140845070422532,835,4452.T,5,1.2,2.5,0.6,0.02,0.05,0.21925995897717623,0.0,0.0,0,5,1.2,2.5,0.6,0.02,0.05,0.0
0.3692468619246862,0.2847731092436975,956,4502.T,2,1.2,2.5,0.6,0.02,0.05,0.28071786514219266,0.0,0.0,0,2,1.2,2.5,0.6,0.02,0.05,0.0
0.4527310924369748,0.40564705882352936,952,4503.T,5,1.2,2.5,0.6,0.02,0.02,0.396690870821529,0.0,0.0,0,5,1.2,2.5,0.6,0.02,0.02,0.0
0.3533678756476684,0.2644264943457189,965,4506.T,2,1.2,2.5,1.0,0.05,0.02,0.2620489648440705,0.0,0.0,0,2,1.2,2.5,1.0,0.05,0.02,0.0
0.32884615384615384,0.23756874095513747,1040,4507.T,3,1.2,2.5,0.6,0.05,0.02,0.23495427022092186,0.0,0.0,0,3,1.2,2.5,0.6,0.05,0.02,0.0
0.29122468659594986,0.19939477303988995,1037,4519.T,2,1.2,2.5,0.6,0.02,0.02,0.19702995721641184,0.0,0.0,0,2,1.2,2.5,0.6,0.02,0.02,0.0
0.33826879271070615,0.24621761658031086,878,4523.T,5,1.2,2.5,0.8,0.02,0.05,0.24512803063088662,0.0,0.0,0,5,1.2,2.5,0.8,0.02,0.05,0.0
0.3722707423580786,0.288169014084507,916,4528.T,5,1.2,2.5,0.6,0.05,0.02,0.2843800940220869,0.0,0.0,0,5,1.2,2.5,0.6,0.05,0.02,0.0
0.27101769911504425,0.22408536585365854,904,4543.T,5,1.2,2.0,0.6,0.02,0.05,0.2228274092487436,0.0,0.0,0,5,1.2,2.0,0.6,0.02,0.05,0.0
0.34328358208955223,0.2517894736842105,871,4568.T,5,1.2,2.5,1.0,0.05,0.02,0.25066160646774854,0.0,0.0,0,5,1.2,2.5,1.0,0.05,0.02,0.0
0.3279569892473118,0.39674796747967483,372,4571.T,2,1.2,1.5,0.6,0.05,0.05,0.3899317697228145,0.0,0.0,0,2,1.2,1.5,0.6,0.05,0.05,0.0
0.3455964325529543,0.25699481865284973,897,4578.T,1,1.2,2.5,0.6,0.05,0.02,0.25324230147545296,0.0,0.0,0,1,1.2,2.5,0.6,0.05,0.02,0.0
0.29519918283963226,0.20370044052863437,979,4587.T,5,1.2,2.5,0.6,0.02,0.02,0.2008451788181405,0.0,0.0,0,5,1.2,2.5,0.6,0.02,0.02,0.0
0.379746835443038,0.3050847457627119,395,4588.T,1,1.2,2.5,1.0,0.02,0.02,0.2935876845939912,0.0,0.0,0,1,1.2,2.5,1.0,0.02,0.02,0.0
0.38883349950149554,0.3089108910891089,1003,4592.T,3,1.2,2.5,0.6,0.02,0.02,0.3050821453285031,0.0,0.0,0,3,1.2,2.5,0.6,0.02,0.02,0.0
0.3308900523560209,0.24307692307692308,955,4612.T,2,1.2,2.5,0.6,0.02,0.02,0.23713676099391545,0.0,0.0,0,2,1.2,2.5,0.6,0.02,0.02,0.0
0.3227132579650565,0.22905775075987841,973,4661.T,5,1.2,2.5,0.6,0.05,0.02,0.22848457840987088,0.0,0.0,0,5,1.2,2.5,0.6,0.05,0.02,0.0
0.218609865470852,0.22510822510822512,892,4680.T,2,1.2,1.5,1.0,0.05,0.02,0.22354791934975662,0.0,0.0,0,2,1.2,1.5,1.0,0.05,0.02,0.0
0.3280922431865828,0.23961722488038276,954,4689.T,2,1.2,2.5,1.0,0.02,0.02,0.23415259067176508,0.0,0.0,0,2,1.2,2.5,1.0,0.02,0.02,0.0
0.34231536926147704,0.251743119266055,1002,4704.T,3,1.2,2.5,0.6,0.02,0.02,0.24958665730759785,0.0,0.0,0,3,1.2,2.5,0.6,0.02,0.02,0.0
0.2902777777777778,0.20104208416833666,720,4732.T,1,1.2,2.5,0.6,0.02,0.02,0.19612729797306352,0.0,0.0,0,1,1.2,2.5,0.6,0.02,0.02,0.0
0.3064516129032258,0.21271137026239068,992,4751.T,5,1.2,2.5,0.6,0.05,0.02,0.21188382508295023,0.0,0.0,0,5,1.2,2.5,0.6,0.05,0.02,0.0
0.38122827346465815,0.3013740458015267,863,4755.T,3,1.2,2.5,0.6,0.05,0.05,0.29543864315478974,0.0,0.0,0,3,1.2,2.5,0.6,0.05,0.05,0.0
0.35454545454545455,0.2822110552763819,330,4814.T,1,1.2,2.5,0.6,0.02,0.05,0.2634019085723554,0.0,0.0,0,1,1.2,2.5,0.6,0.02,0.05,0.0
0.3637469586374696,0.2803125,822,4889.T,2,1.2,2.5,0.6,0.02,0.02,0.2741461546836561,0.0,0.0,0,2,1.2,2.5,0.6,0.02,0.02,0.0
0.39362912400455063,0.3193846153846154,879,4901.T,3,1.2,2.5,0.6,0.05,0.05,0.3112874049159804,0.0,0.0,0,3,1.2,2.5,0.6,0.05,0.05,0.0
0.292,0.20051502145922745,1000,4902.T,5,1.2,2.5,0.6,0.02,0.02,0.19777083762574507,0.0,0.0,0,5,1.2,2.5,0.6,0.02,0.02,0.0
0.406478578892372,0.33165186500888094,957,4911.T,5,1.2,2.5,0.8,0.02,0.02,0.3284081488289944,0.0,0.0,0,5,1.2,2.5,0.8,0.02,0.02,0.0
0.40560949298813376,0.3342222222222222,927,5016.T,3,1.2,2.5,0.6,0.02,0.02,0.3272268300641073,0.0,0.0,0,3,1.2,2.5,0.6,0.02,0.02,0.0
0.40336134453781514,0.3260377358490566,714,5019.T,5,1.2,2.5,1.0,0.05,0.05,0.3241869643967452,0.0,0.0,0,5,1.2,2.5,1.0,0.05,0.05,0.0
0.3480225988700565,0.25711304347826086,885,5020.T,5,1.2,2.5,1.0,0.05,0.02,0.2559691124143567,0.0,0.0,0,5,1.2,2.5,1.0,0.05,0.02,0.0
0.22088353413654618,0.2268041237113402,996,5076.T,3,1.2,1.5,0.6,0.05,0.05,0.22653210384015124,0.0,0.0,0,3,1.2,1.5,0.6,0.05,0.05,0.0
0.32061068702290074,0.2290909090909091,917,5101.T,5,1.2,2.5,0.6,0.02,0.02,0.2262934287994134,0.0,0.0,0,5,1.2,2.5,0.6,0.02,0.02,0.0
0.26770708283313327,0.2211570247933884,833,5105.T,5,1.2,2.0,0.6,0.05,0.05,0.2191103886314327,0.0,0.0,0,5,1.2,2.0,0.6,0.05,0.05,0.0
0.2860169491525424,0.19343283582089552,944,5108.T,5,1.2,2.5,1.0,0.05,0.02,0.19209520609191413,0.0,0.0,0,5,1.2,2.5,1.0,0.05,0.02,0.0
0.29582366589327147,0.2050251256281407,862,5246.T,3,1.2,2.5,0.6,0.05,0.02,0.20144855129060515,0.0,0.0,0,3,1.2,2.5,0.6,0.05,0.02,0.0
0.33043478260869563,0.23960591133004927,920,5253.T,5,1.2,2.5,0.6,0.02,0.05,0.23664946697576258,0.0,0.0,0,5,1.2,2.5,0.6,0.02,0.05,0.0
0.3539928486293206,0.26746716697936207,839,5401.T,1,1.2,2.5,0.6,0.05,0.02,0.2627663944585703,0.0,0.0,0,1,1.2,2.5,0.6,0.05,0.02,0.0
0.34080717488789236,0.2498630136986301,669,5406.T,1,1.2,2.5,0.8,0.05,0.02,0.24791848921270362,0.0,0.0,0,1,1.2,2.5,0.8,0.05,0.02,0.0
0.26017130620985013,0.21222707423580783,934,5411.T,3,1.2,2.0,0.6,0.05,0.05,0.21077357768904018,0.0,0.0,0,3,1.2,2.0,0.6,0.05,0.05,0.0
0.3028263795423957,0.2134387351778656,743,5595.T,1,1.2,2.5,0.8,0.02,0.02,0.2082885600160073,0.0,0.0,0,1,1.2,2.5,0.8,0.02,0.02,0.0
0.3490364025695932,0.2612353923205342,934,5631.T,5,1.2,2.5,0.8,0.05,0.02,0.257114565444321,0.0,0.0,0,5,1.2,2.5,0.8,0.05,0.02,0.0
0.32749178532311063,0.23605263157894738,913,5706.T,2,1.2,2.5,1.0,0.05,0.05,0.23351537280057355,0.0,0.0,0,2,1.2,2.5,1.0,0.05,0.05,0.0
0.30938697318007663,0.21744740532959325,1044,5711.T,3,1.2,2.5,0.6,0.02,0.02,0.21482257439061947,0.0,0.0,0,3,1.2,2.5,0.6,0.02,0.02,0.0
0.4126637554585153,0.34041275797373355,916,5713.T,2,1.2,2.5,0.8,0.02,0.05,0.3369164246623237,0.0,0.0,0,2,1.2,2.5,0.8,0.02,0.05,0.0
0.22727272727272727,0.23636363636363636,286,5724.T,1,1.2,1.5,1.0,0.02,0.05,0.23501191521384673,0.0,0.0,0,1,1.2,1.5,1.0,0.02,0.05,0.0
0.23510292524377033,0.24694167852062587,923,5726.T,3,1.2,1.5,0.6,0.02,0.05,0.24559743774047613,0.0,0.0,0,3,1.2,1.5,0.6,0.02,0.05,0.0
0.331151832460733,0.24191235059760954,764,5801.T,5,1.2,2.5,0.6,0.05,0.05,0.23741725544107686,0.0,0.0,0,5,1.2,2.5,0.6,0.05,0.05,0.0
0.3305882352941176,0.240427807486631,850,5802.T,5,1.2,2.5,0.6,0.02,0.05,0.23681363967045485,0.0,0.0,0,5,1.2,2.5,0.6,0.02,0.05,0.0
0.4075425790754258,0.3371069182389937,822,5803.T,5,1.2,2.5,0.8,0.02,0.05,0.32985912680426865,0.0,0.0,0,5,1.2,2.5,0.8,0.02,0.05,0.0
0.37794432548179874,0.2957068062827225,934,5838.T,3,1.2,2.5,0.6,0.02,0.05,0.2913474572818282,0.0,0.0,0,3,1.2,2.5,0.6,0.02,0.05,0.0
0.2714285714285714,0.31666666666666665,70,5952.T,1,1.2,1.5,0.8,0.02,0.02,0.2976817592708725,0.0,0.0,0,1,1.2,1.5,0.8,0.02,0.02,0.0
0.31452455590386624,0.22193548387096773,957,5991.T,5,1.2,2.5,0.6,0.02,0.02,0.22002666463804754,0.0,0.0,0,5,1.2,2.5,0.6,0.02,0.02,0.0
0.3401688781664656,0.25113172541743967,829,6098.T,3,1.2,2.5,0.6,0.05,0.05,0.24721478523581777,0.0,0.0,0,3,1.2,2.5,0.6,0.05,0.05,0.0
0.3298611111111111,0.29636048526863085,864,6113.T,5,1.2,2.0,1.0,0.02,0.05,0.29502188761800985,0.0,0.0,0,5,1.2,2.0,1.0,0.02,0.05,0.0
0.308666017526777,0.21461212976022565,1027,6141.T,3,1.2,2.5,0.6,0.05,0.02,0.2140984744036838,0.0,0.0,0,3,1.2,2.5,0.6,0.05,0.02,0.0
0.352549889135255,0.26732049036777583,902,6146.T,5,1.2,2.5,0.6,0.05,0.02,0.2611120605789709,0.0,0.0,0,5,1.2,2.5,0.6,0.05,0.02,0.0
0.46153846153846156,0.4707692307692307,221,6177.T,1,1.2,2.5,0.6,0.05,0.05,0.41102275843158764,0.0,0.0,0,1,1.2,2.5,0.6,0.05,0.05,0.0
0.3982889733840304,0.32127795527156544,1052,6178.T,3,1.2,2.5,0.6,0.02,0.02,0.31741172998416184,0.0,0.0,0,3,1.2,2.5,0.6,0.02,0.02,0.0
0.3643724696356275,0.28704318936877077,494,6232.T,1,1.2,2.5,0.6,0.05,0.05,0.27488783207208095,0.0,0.0,0,1,1.2,2.5,0.6,0.05,0.05,0.0
0.29107505070993916,0.19878787878787876,986,6268.T,2,1.2,2.5,0.6,0.02,0.05,0.19688715347855495,0.0,0.0,0,2,1.2,2.5,0.6,0.02,0.05,0.0
0.39425287356321836,0.3124098671726755,870,6301.T,5,1.2,2.5,1.0,0.02,0.02,0.31210172137705305,0.0,0.0,0,5,1.2,2.5,1.0,0.02,0.02,0.0
0.3282442748091603,0.23880991735537188,917,6315.T,1,1.2,2.5,0.6,0.02,0.02,0.2343141103937649,0.0,0.0,0,1,1.2,2.5,0.6,0.02,0.02,0.0
0.3127413127413127,0.22185449358059914,1036,6323.T,5,1.2,2.5,0.6,0.02,0.02,0.21821152062800578,0.0,0.0,0,5,1.2,2.5,0.6,0.02,0.02,0.0
0.2987736900780379,0.20516746411483253,897,6324.T,5,1.2,2.5,0.8,0.02,0.05,0.2043133796549174,0.0,0.0,0,5,1.2,2.5,0.8,0.02,0.05,0.0
0.33102652825836215,0.24339222614840988,867,6326.T,5,1.2,2.5,0.6,0.02,0.05,0.23728296600260332,0.0,0.0,0,5,1.2,2.5,0.6,0.02,0.05,0.0
0.42793296089385474,0.3654870775347912,895,6330.T,5,1.2,2.5,0.6,0.05,0.02,0.3587083383317338,0.0,0.0,0,5,1.2,2.5,0.6,0.05,0.02,0.0
0.32150313152400833,0.22885448916408666,958,6361.T,2,1.2,2.5,0.6,0.02,0.05,0.22722181209705206,0.0,0.0,0,2,1.2,2.5,0.6,0.02,0.05,0.0
0.2958167330677291,0.2033666191155492,1004,6367.T,5,1.2,2.5,0.6,0.05,0.02,0.20144184695409492,0.0,0.0,0,5,1.2,2.5,0.6,0.05,0.02,0.0
0.2958057395143488,0.20322274881516586,906,6460.T,5,1.2,2.5,0.6,0.02,0.05,0.20143121599207378,0.0,0.0,0,5,1.2,2.5,0.6,0.02,0.05,0.0
0.3486127864897467,0.2588059701492537,829,6471.T,3,1.2,2.5,1.0,0.05,0.05,0.256635506267624,0.0,0.0,0,3,1.2,2.5,1.0,0.05,0.05,0.0
0.35443037974683544,0.2654219030520646,869,6472.T,3,1.2,2.5,0.6,0.02,0.05,0.2632694792568339,0.0,0.0,0,3,1.2,2.5,0.6,0.02,0.05,0.0
0.32,0.2266229508196721,900,6479.T,3,1.2,2.5,0.8,0.05,0.05,0.22565955364871482,0.0,0.0,0,3,1.2,2.5,0.8,0.05,0.05,0.0
0.3577749683944374,0.27168,791,6501.T,5,1.2,2.5,0.8,0.05,0.05,0.2671378229832595,0.0,0.0,0,5,1.2,2.5,0.8,0.05,0.05,0.0
0.37236286919831224,0.2876740237691002,948,6503.T,5,1.2,2.5,0.6,0.02,0.02,0.284492222992844,0.0,0.0,0,5,1.2,2.5,0.6,0.02,0.02,0.0
0.42704626334519574,0.3607515657620042,843,6506.T,5,1.2,2.5,0.6,0.02,0.05,0.35741109428833706,0.0,0.0,0,5,1.2,2.5,0.6,0.02,0.05,0.0
0.3729508196721312,0.2897512437810945,976,6525.T,5,1.2,2.5,0.8,0.02,0.02,0.28520860252823677,0.0,0.0,0,5,1.2,2.5,0.8,0.02,0.02,0.0
0.34295612009237875,0.25594254937163374,866,6526.T,2,1.2,2.5,0.6,0.05,0.05,0.2502976903278473,0.0,0.0,0,2,1.2,2.5,0.6,0.05,0.05,0.0
0.33014354066985646,0.23956600361663652,836,6532.T,5,1.2,2.5,0.6,0.05,0.05,0.23633808609816293,0.0,0.0,0,5,1.2,2.5,0.6,0.05,0.05,0.0
0.3031218529707956,0.21309734513274337,993,6590.T,3,1.2,2.5,0.6,0.05,0.02,0.20858019075514334,0.0,0.0,0,3,1.2,2.5,0.6,0.05,0.02,0.0
0.40249433106575966,0.3283236994219653,882,6594.T,3,1.2,2.5,1.0,0.05,0.02,0.3230207320374748,0.0,0.0,0,3,1.2,2.5,1.0,0.05,0.02,0.0
0.36707663197729423,0.28175491679273823,1057,6701.T,3,1.2,2.5,0.6,0.02,0.02,0.2781110642501724,0.0,0.0,0,3,1.2,2.5,0.6,0.02,0.02,0.0
0.3729508196721312,0.2905543237250554,732,6702.T,5,1.2,2.5,1.0,0.05,0.05,0.28520860252823677,0.0,0.0,0,5,1.2,2.5,1.0,0.05,0.05,0.0
0.3987603305785124,0.32734982332155477,968,6723.T,5,1.2,2.5,0.6,0.02,0.02,0.31803651010370837,0.0,0.0,0,5,1.2,2.5,0.6,0.02,0.02,0.0
0.34502262443438914,0.2604982206405694,884,6752.T,3,1.2,2.5,0.6,0.02,0.05,0.2526003423291421,0.0,0.0,0,3,1.2,2.5,0.6,0.02,0.05,0.0
0.3923739237392374,0.3099595141700405,813,6753.T,5,1.2,2.5,1.0,0.02,0.05,0.3096537852826367,0.0,0.0,0,5,1.2,2.5,1.0,0.02,0.05,0.0
0.24210526315789474,0.1547663551401869,855,6754.T,1,1.2,2.5,0.6,0.05,0.02,0.15318209284140188,0.0,0.0,0,1,1.2,2.5,0.6,0.05,0.02,0.0
0.3834841628959276,0.302453531598513,884,6758.T,2,1.2,2.5,0.8,0.02,0.05,0.2982743136875099,0.0,0.0,0,2,1.2,2.5,0.8,0.02,0.05,0.0
0.36659663865546216,0.2834517766497462,952,6762.T,5,1.2,2.5,0.6,0.05,0.02,0.2775369261604114,0.0,0.0,0,5,1.2,2.5,0.6,0.05,0.02,0.0
0.34366925064599485,0.25951219512195123,387,6814.T,1,1.2,2.5,0.6,0.05,0.05,0.2510906746061733,0.0,0.0,0,1,1.2,2.5,0.6,0.05,0.05,0.0
0.32333767926988266,0.2911937377690802,767,6857.T,3,1.2,2.0,0.6,0.05,0.05,0.286399505708314,0.0,0.0,0,3,1.2,2.0,0.6,0.05,0.05,0.0
0.29296875,0.200836820083682,1024,6861.T,2,1.2,2.5,0.6,0.05,0.02,0.19869884730808793,0.0,0.0,0,2,1.2,2.5,0.6,0.05,0.02,0.0
0.3438485804416404,0.253365617433414,634,6869.T,1,1.2,2.5,1.0,0.05,0.05,0.25129035631674795,0.0,0.0,0,1,1.2,2.5,1.0,0.05,0.05,0.0
0.3771712158808933,0.3014876033057851,403,6871.T,1,1.2,2.5,0.8,0.05,0.02,0.2903905809901788,0.0,0.0,0,1,1.2,2.5,0.8,0.05,0.02,0.0
0.3050672182006205,0.21389728096676738,967,6902.T,2,1.2,2.5,0.6,0.02,0.05,0.21050644746062214,0.0,0.0,0,2,1.2,2.5,0.6,0.02,0.05,0.0
0.3639240506329114,0.28404802744425384,948,6920.T,2,1.2,2.5,1.0,0.05,0.02,0.2743559871786302,0.0,0.0,0,2,1.2,2.5,1.0,0.05,0.02,0.0
0.3835616438356164,0.30202247191011233,730,6954.T,5,1.2,2.5,1.0,0.05,0.05,0.2983720764910784,0.0,0.0,0,5,1.2,2.5,1.0,0.05,0.05,0.0
0.4076015727391874,0.3347085201793722,763,6963.T,5,1.2,2.5,1.0,0.05,0.05,0.3299397290212265,0.0,0.0,0,5,1.2,2.5,1.0,0.05,0.05,0.0
0.2876064333017975,0.24385026737967916,1057,6965.T,3,1.2,2.0,0.6,0.02,0.02,0.24197279919373554,0.0,0.0,0,3,1.2,2.0,0.6,0.02,0.02,0.0
0.37807881773399016,0.29472,812,6971.T,5,1.2,2.5,0.8,0.02,0.05,0.29151416101303035,0.0,0.0,0,5,1.2,2.5,0.8,0.02,0.05,0.0
0.33470648815653964,0.24605678233438485,971,6976.T,5,1.2,2.5,0.6,0.05,0.02,0.24124787807839573,0.0,0.0,0,5,1.2,2.5,0.6,0.05,0.02,0.0
0.32233009708737864,0.23298245614035087,1030,6981.T,3,1.2,2.5,0.6,0.02,0.02,0.2280842623197253,0.0,0.0,0,3,1.2,2.5,0.6,0.02,0.02,0.0
0.3019911504424779,0.2093290734824281,904,6988.T,3,1.2,2.5,1.0,0.02,0.05,0.2074655286219662,0.0,0.0,0,3,1.2,2.5,1.0,0.02,0.05,0.0
0.36577708006279436,0.2824242424242424,637,7003.T,1,1.2,2.5,1.0,0.02,0.02,0.27655862995128694,0.0,0.0,0,1,1.2,2.5,1.0,0.02,0.02,0.0
0.3832923832923833,0.30625766871165644,814,7011.T,5,1.2,2.5,0.6,0.02,0.05,0.2980324383846572,0.0,0.0,0,5,1.2,2.5,0.6,0.02,0.05,0.0
0.3831494483450351,0.30009819967266776,997,7012.T,5,1.2,2.5,0.6,0.02,0.02,0.2978522645111288,0.0,0.0,0,5,1.2,2.5,0.6,0.02,0.02,0.0
0.35461801596351195,0.33440860215053764,877,7013.T,2,1.2,2.0,0.6,0.02,0.05,0.32933045862926913,0.0,0.0,0,2,1.2,2.0,0.6,0.02,0.05,0.0
0.3299798792756539,0.23927051671732522,994,7167.T,5,1.2,2.5,0.6,0.02,0.02,0.23616322656629757,0.0,0.0,0,5,1.2,2.5,0.6,0.02,0.02,0.0
0.25835866261398177,0.2095890410958904,987,7182.T,3,1.2,2.0,0.6,0.02,0.02,0.20879353176762086,0.0,0.0,0,3,1.2,2.0,0.6,0.02,0.02,0.0
0.34992679355783307,0.2631192660550459,683,7186.T,1,1.2,2.5,0.6,0.05,0.02,0.2581235265976149,0.0,0.0,0,1,1.2,2.5,0.6,0.05,0.02,0.0
0.34870641169853767,0.2619718309859155,889,7201.T,3,1.2,2.5,0.6,0.05,0.05,0.2567413315476526,0.0,0.0,0,3,1.2,2.5,0.6,0.05,0.05,0.0
0.28319405756731664,0.1921259842519685,1077,7202.T,5,1.2,2.5,0.6,0.02,0.02,0.1894502567468566,0.0,0.0,0,5,1.2,2.5,0.6,0.02,0.02,0.0
0.4074074074074074,0.33657370517928287,864,7203.T,5,1.2,2.5,0.6,0.02,0.05,0.3296745041586693,0.0,0.0,0,5,1.2,2.5,0.6,0.02,0.05,0.0
0.2915766738660907,0.2,926,7205.T,3,1.2,2.5,0.6,0.05,0.05,0.19736611113711908,0.0,0.0,0,3,1.2,2.5,0.6,0.05,0.05,0.0
0.32905982905982906,0.23806763285024152,936,7211.T,3,1.2,2.5,0.8,0.05,0.02,0.23518181188389142,0.0,0.0,0,3,1.2,2.5,0.8,0.05,0.02,0.0
0.30739795918367346,0.26678966789667896,784,7259.T,5,1.2,2.0,0.6,0.05,0.05,0.2660144045512551,0.0,0.0,0,5,1.2,2.0,0.6,0.05,0.05,0.0
0.1985743380855397,0.19822109275730623,982,7261.T,5,1.2,1.5,0.6,0.05,0.02,0.19798335423987343,0.0,0.0,0,5,1.2,1.5,0.6,0.05,0.02,0.0
0.3363728470111449,0.24554699537750385,987,7267.T,3,1.2,2.5,0.6,0.02,0.02,0.24305773297582944,0.0,0.0,0,3,1.2,2.5,0.6,0.02,0.02,0.0
0.35961768219832735,0.2726037735849057,837,7269.T,5,1.2,2.5,0.6,0.05,0.05,0.2692863656764164,0.0,0.0,0,5,1.2,2.5,0.6,0.05,0.05,0.0
0.3531317494600432,0.26379831932773107,926,7270.T,2,1.2,2.5,0.6,0.02,0.05,0.26177826768222157,0.0,0.0,0,2,1.2,2.5,0.6,0.02,0.05,0.0
0.36019736842105265,0.2780952380952381,608,7272.T,1,1.2,2.5,0.6,0.05,0.02,0.26996481948398626,0.0,0.0,0,1,1.2,2.5,0.6,0.05,0.02,0.0
0.2894736842105263,0.2444444444444444,874,7276.T,5,1.2,2.0,0.6,0.05,0.02,0.2441838079582982,0.0,0.0,0,5,1.2,2.0,0.6,0.05,0.02,0.0
0.4467153284671533,0.39168,685,7453.T,5,1.2,2.5,1.0,0.05,0.05,0.3871639175727619,0.0,0.0,0,5,1.2,2.5,1.0,0.05,0.05,0.0
0.37815126050420167,0.29763779527559053,833,7532.T,5,1.2,2.5,1.0,0.05,0.02,0.29160398402241017,0.0,0.0,0,5,1.2,2.5,1.0,0.05,0.02,0.0
0.38095238095238093,0.3060869565217391,231,7599.T,1,1.2,2.5,0.8,0.05,0.05,0.2950932624637039,0.0,0.0,0,1,1.2,2.5,0.8,0.05,0.05,0.0
0.23652173913043478,0.2501149425287356,575,7711.T,1,1.2,1.5,0.6,0.05,0.02,0.24753874622980124,0.0,0.0,0,1,1.2,1.5,0.6,0.05,0.02,0.0
0.3956692913385827,0.3216,508,7730.T,1,1.2,2.5,0.6,0.05,0.02,0.3139571232970922,0.0,0.0,0,1,1.2,2.5,0.6,0.05,0.02,0.0
0.3263598326359833,0.237337559429477,956,7731.T,3,1.2,2.5,1.0,0.02,0.02,0.23231721128741914,0.0,0.0,0,3,1.2,2.5,1.0,0.02,0.02,0.0
0.3838926174496644,0.3091891891891892,745,7733.T,1,1.2,2.5,0.6,0.05,0.05,0.29878996455339085,0.0,0.0,0,1,1.2,2.5,0.6,0.05,0.05,0.0
0.31827309236947793,0.22778443113772454,996,7735.T,2,1.2,2.5,0.6,0.02,0.05,0.22387322065775478,0.0,0.0,0,2,1.2,2.5,0.6,0.02,0.05,0.0
0.2975609756097561,0.25487465181058494,1025,7741.T,3,1.2,2.0,0.8,0.02,0.02,0.2538956639566396,0.0,0.0,0,3,1.2,2.0,0.8,0.02,0.02,0.0
0.29698149951314506,0.2053295932678822,1027,7751.T,2,1.2,2.5,1.0,0.02,0.02,0.2025700806212926,0.0,0.0,0,2,1.2,2.5,1.0,0.02,0.02,0.0
0.5283018867924528,0.6179310344827587,212,7762.T,1,1.2,2.5,0.8,0.02,0.05,0.5370697376839412,0.0,0.0,0,1,1.2,2.5,0.8,0.02,0.05,0.0
0.43037974683544306,0.38399999999999995,158,7776.T,1,1.2,2.5,1.0,0.05,0.02,0.362308950024881,0.0,0.0,0,1,1.2,2.5,1.0,0.05,0.02,0.0
0.5081967213114754,0.5410909090909091,122,7794.T,1,1.2,2.5,1.0,0.05,0.05,0.4955107698869695,0.0,0.0,0,1,1.2,2.5,1.0,0.05,0.05,0.0
0.321826280623608,0.23081530782029952,898,7832.T,5,1.2,2.5,0.6,0.05,0.05,0.22755857698607057,0.0,0.0,0,5,1.2,2.5,0.6,0.05,0.05,0.0
0.2088607594936709,0.21176470588235294,948,7911.T,5,1.2,1.5,0.6,0.05,0.02,0.21094669509594888,0.0,0.0,0,5,1.2,1.5,0.6,0.05,0.02,0.0
0.2326388888888889,0.2425339366515837,864,7912.T,5,1.2,1.5,1.0,0.05,0.02,0.24224305106658048,0.0,0.0,0,5,1.2,1.5,1.0,0.05,0.02,0.0
0.37487335359675783,0.288780487804878,987,7936.T,5,1.2,2.5,0.8,0.02,0.02,0.28756049279789625,0.0,0.0,0,5,1.2,2.5,0.8,0.02,0.02,0.0
0.3558974358974359,0.2690791599353796,975,7951.T,2,1.2,2.5,0.6,0.02,0.02,0.2649613270250335,0.0,0.0,0,2,1.2,2.5,0.6,0.02,0.02,0.0
0.34691745036572624,0.2578640776699029,957,7974.T,2,1.2,2.5,1.0,0.02,0.02,0.25472450415866926,0.0,0.0,0,2,1.2,2.5,1.0,0.02,0.02,0.0
0.45165238678090575,0.4007239819004525,817,8001.T,3,1.2,2.5,0.6,0.05,0.05,0.39496718193035374,0.0,0.0,0,3,1.2,2.5,0.6,0.05,0.05,0.0
0.3568281938325991,0.2676764199655766,908,8002.T,5,1.2,2.5,0.6,0.05,0.02,0.2660387032314043,0.0,0.0,0,5,1.2,2.5,0.6,0.05,0.02,0.0
0.37386363636363634,0.29082872928176795,880,8015.T,2,1.2,2.5,0.6,0.05,0.05,0.2863234763060938,0.0,0.0,0,2,1.2,2.5,0.6,0.05,0.05,0.0
0.45264452644526443,0.4014545454545454,813,8031.T,5,1.2,2.5,1.0,0.05,0.02,0.3965522942770673,0.0,0.0,0,5,1.2,2.5,1.0,0.05,0.02,0.0
0.3565714285714286,0.2732846715328467,875,8035.T,2,1.2,2.5,0.6,0.02,0.05,0.265741179518824,0.0,0.0,0,2,1.2,2.5,0.6,0.02,0.05,0.0
0.37858508604206503,0.2960747663551402,1046,8053.T,3,1.2,2.5,0.6,0.02,0.02,0.2921423298390669,0.0,0.0,0,3,1.2,2.5,0.6,0.02,0.02,0.0
0.43795620437956206,0.3831485587583149,822,8058.T,3,1.2,2.5,0.8,0.05,0.05,0.37365705311962516,0.0,0.0,0,3,1.2,2.5,0.8,0.05,0.05,0.0
0.3344191096634093,0.24639999999999998,921,8105.T,5,1.2,2.5,0.6,0.02,0.02,0.2409366686184075,0.0,0.0,0,5,1.2,2.5,0.6,0.02,0.02,0.0
0.3559693318729463,0.26804123711340205,913,8113.T,3,1.2,2.5,1.0,0.02,0.05,0.26504443748068646,0.0,0.0,0,3,1.2,2.5,1.0,0.02,0.05,0.0
0.35459183673469385,0.26795180722891565,784,8136.T,5,1.2,2.5,0.6,0.05,0.05,0.26345529904738785,0.0,0.0,0,5,1.2,2.5,0.6,0.05,0.05,0.0
0.32954545454545453,0.24075471698113207,968,8233.T,2,1.2,2.5,1.0,0.02,0.02,0.23569949141698388,0.0,0.0,0,2,1.2,2.5,1.0,0.02,0.02,0.0
0.3277310924369748,0.23653429602888085,833,8267.T,5,1.2,2.5,0.6,0.05,0.05,0.23376919385796543,0.0,0.0,0,5,1.2,2.5,0.6,0.05,0.05,0.0
0.43548387096774194,0.37565217391304345,868,8306.T,5,1.2,2.5,0.6,0.05,0.02,0.3699204825884289,0.0,0.0,0,5,1.2,2.5,0.6,0.05,0.02,0.0
0.34993924665856624,0.26635838150289015,823,8308.T,1,1.2,2.5,0.6,0.05,0.02,0.25813765763180085,0.0,0.0,0,1,1.2,2.5,0.6,0.05,0.02,0.0
0.372289156626506,0.2857803468208093,830,8309.T,3,1.2,2.5,0.6,0.05,0.05,0.2844025036748318,0.0,0.0,0,3,1.2,2.5,0.6,0.05,0.05,0.0
0.35374868004223864,0.2644736842105263,947,8316.T,5,1.2,2.5,0.6,0.02,0.02,0.2624859391399981,0.0,0.0,0,5,1.2,2.5,0.6,0.02,0.02,0.0
0.3424657534246575,0.25477707006369427,730,8331.T,1,1.2,2.5,0.8,0.05,0.02,0.2497534122414161,0.0,0.0,0,1,1.2,2.5,0.8,0.05,0.02,0.0
0.21345407503234154,0.2185430463576159,773,8359.T,1,1.2,1.5,0.6,0.05,0.02,0.21684487571540798,0.0,0.0,0,1,1.2,1.5,0.6,0.05,0.02,0.0
0.3872832369942196,0.305123339658444,865,8411.T,5,1.2,2.5,1.0,0.05,0.02,0.30309697123335627,0.0,0.0,0,5,1.2,2.5,1.0,0.05,0.02,0.0
0.30090270812437314,0.20899854862119013,997,8473.T,3,1.2,2.5,0.6,0.05,0.02,0.20639593321528793,0.0,0.0,0,3,1.2,2.5,0.6,0.05,0.02,0.0
0.3676042677012609,0.2811746522411128,1031,8591.T,2,1.2,2.5,0.6,0.02,0.02,0.27874319481569587,0.0,0.0,0,2,1.2,2.5,0.6,0.02,0.02,0.0
0.37272727272727274,0.28856304985337244,550,8601.T,1,1.2,2.5,0.6,0.05,0.05,0.28493606683542433,0.0,0.0,0,1,1.2,2.5,0.6,0.05,0.05,0.0
0.3281519861830743,0.2432,579,8604.T,1,1.2,2.5,0.8,0.05,0.05,0.2342160534335954,0.0,0.0,0,1,1.2,2.5,0.8,0.05,0.05,0.0
0.34872979214780603,0.2654945054945055,866,8630.T,5,1.2,2.5,0.8,0.02,0.05,0.2567677633937283,0.0,0.0,0,5,1.2,2.5,0.8,0.02,0.05,0.0
0.3644957983193277,0.2799327731092437,952,8697.T,3,1.2,2.5,1.0,0.05,0.02,0.27503423697805135,0.0,0.0,0,3,1.2,2.5,1.0,0.05,0.02,0.0
0.3447332421340629,0.2601290322580645,731,8725.T,1,1.2,2.5,0.8,0.05,0.02,0.25227701665738367,0.0,0.0,0,1,1.2,2.5,0.8,0.05,0.02,0.0
0.28273809523809523,0.23799582463465555,672,8729.T,5,1.2,2.0,0.6,0.02,0.02,0.23626234153641448,0.0,0.0,0,5,1.2,2.0,0.6,0.02,0.02,0.0
0.3328611898016997,0.24682713347921226,706,8750.T,1,1.2,2.5,0.6,0.05,0.02,0.23925422421088527,0.0,0.0,0,1,1.2,2.5,0.6,0.05,0.02,0.0
0.35962877030162416,0.27606679035250464,862,8766.T,5,1.2,2.5,0.8,0.02,0.05,0.26929933146030954,0.0,0.0,0,5,1.2,2.5,0.8,0.02,0.05,0.0
0.32051282051282054,0.2290748898678414,1014,8795.T,3,1.2,2.5,0.8,0.02,0.02,0.2261917695771316,0.0,0.0,0,3,1.2,2.5,0.8,0.02,0.02,0.0
0.36885245901639346,0.28314606741573034,854,8801.T,3,1.2,2.5,1.0,0.05,0.05,0.2802427898397189,0.0,0.0,0,3,1.2,2.5,1.0,0.05,0.05,0.0
0.31241830065359477,0.22146718146718147,765,8802.T,1,1.2,2.5,0.6,0.05,0.02,0.21788373728011598,0.0,0.0,0,1,1.2,2.5,0.6,0.05,0.02,0.0
0.37089715536105033,0.2849737302977233,914,8830.T,5,1.2,2.5,0.8,0.05,0.02,0.2827121755820746,0.0,0.0,0,5,1.2,2.5,0.8,0.05,0.02,0.0
0.31891891891891894,0.22583732057416267,925,9020.T,5,1.2,2.5,0.6,0.02,0.05,0.22454021062466364,0.0,0.0,0,5,1.2,2.5,0.6,0.02,0.05,0.0
0.30327056491575816,0.21164265129682996,1009,9021.T,2,1.2,2.5,0.6,0.05,0.02,0.20872706224761986,0.0,0.0,0,2,1.2,2.5,0.6,0.05,0.02,0.0
0.21379310344827587,0.2175438596491228,1015,9022.T,3,1.2,1.5,0.6,0.02,0.02,0.21728294617139868,0.0,0.0,0,3,1.2,1.5,0.6,0.02,0.02,0.0
0.3671497584541063,0.2842597402597402,621,9023.T,1,1.2,2.5,0.6,0.05,0.02,0.2781986100325759,0.0,0.0,0,1,1.2,2.5,0.6,0.05,0.02,0.0
0.33636363636363636,0.2459076923076923,990,9024.T,5,1.2,2.5,0.6,0.05,0.02,0.24304770418671506,0.0,0.0,0,5,1.2,2.5,0.6,0.05,0.02,0.0
0.36167664670658684,0.27930635838150286,835,9101.T,1,1.2,2.5,0.6,0.05,0.02,0.2717017233659713,0.0,0.0,0,1,1.2,2.5,0.6,0.05,0.02,0.0
0.40843373493975904,0.33550515463917524,830,9104.T,5,1.2,2.5,1.0,0.02,0.05,0.33107841335986343,0.0,0.0,0,5,1.2,2.5,1.0,0.02,0.05,0.0
0.2810750279955207,0.3132605304212168,893,9107.T,5,1.2,1.5,1.0,0.02,0.02,0.31239745863473023,0.0,0.0,0,5,1.2,1.5,1.0,0.02,0.02,0.0
0.22142857142857142,0.2290993071593533,560,9143.T,1,1.2,1.5,1.0,0.05,0.05,0.22725005379393987,0.0,0.0,0,1,1.2,1.5,1.0,0.05,0.05,0.0
0.3465665236051502,0.2571144278606965,932,9201.T,5,1.2,2.5,0.6,0.02,0.02,0.2543301742785494,0.0,0.0,0,5,1.2,2.5,0.6,0.02,0.02,0.0
0.37229862475442044,0.2878481012658228,1018,9202.T,2,1.2,2.5,0.6,0.05,0.02,0.28441402663510745,0.0,0.0,0,2,1.2,2.5,0.6,0.05,0.02,0.0
0.256198347107438,0.2770949720670391,484,9227.T,1,1.2,1.5,0.8,0.05,0.02,0.2752250651504383,0.0,0.0,0,1,1.2,1.5,0.8,0.05,0.02,0.0
0.3024054982817869,0.3555555555555555,291,9240.T,3,1.2,1.5,1.0,0.05,0.05,0.3463820937536106,0.0,0.0,0,3,1.2,1.5,1.0,0.05,0.05,0.0
0.39851485148514854,0.3247058823529412,404,9418.T,1,1.2,2.5,0.6,0.05,0.05,0.3177110073747595,0.0,0.0,0,1,1.2,2.5,0.6,0.05,0.05,0.0
0.5287671232876713,0.7917948717948717,365,9432.T,5,1.2,2.5,1.0,0.05,0.02,0.5380733979080184,0.0,0.0,0,5,1.2,2.5,1.0,0.05,0.02,0.0
0.3494736842105263,0.2599673735725938,950,9433.T,5,1.2,2.5,0.6,0.02,0.02,0.2576097331701752,0.0,0.0,0,5,1.2,2.5,0.6,0.02,0.02,0.0
0.4805414551607445,0.46684931506849314,591,9434.T,5,1.2,2.5,0.6,0.05,0.05,0.44360110953419996,0.0,0.0,0,5,1.2,2.5,0.6,0.05,0.05,0.0
0.3293978748524203,0.24216998191681738,847,9501.T,1,1.2,2.5,1.0,0.02,0.02,0.2355420913195101,0.0,0.0,0,1,1.2,2.5,1.0,0.02,0.02,0.0
0.3939732142857143,0.3120441988950276,896,9502.T,3,1.2,2.5,1.0,0.05,0.02,0.3117364137766891,0.0,0.0,0,3,1.2,2.5,1.0,0.05,0.02,0.0
0.3957845433255269,0.3187426326129666,854,9503.T,2,1.2,2.5,0.8,0.05,0.05,0.31410847753525073,0.0,0.0,0,2,1.2,2.5,0.8,0.05,0.05,0.0
0.38609112709832133,0.308502994011976,834,9504.T,3,1.2,2.5,1.0,0.05,0.05,0.30157724528151,0.0,0.0,0,3,1.2,2.5,1.0,0.05,0.05,0.0
0.3411764705882353,0.24991023339317775,850,9509.T,5,1.2,2.5,0.6,0.02,0.05,0.2483262498857509,0.0,0.0,0,5,1.2,2.5,0.6,0.02,0.05,0.0
0.32622333751568383,0.23502824858757063,797,9513.T,5,1.2,2.5,0.6,0.05,0.05,0.23217300445235553,0.0,0.0,0,5,1.2,2.5,0.6,0.05,0.05,0.0
0.3700623700623701,0.28291390728476823,962,9602.T,5,1.2,2.5,0.6,0.02,0.02,0.281702066559823,0.0,0.0,0,5,1.2,2.5,0.6,0.02,0.02,0.0
0.22601476014760147,0.23389021479713604,1084,9697.T,3,1.2,1.5,0.6,0.02,0.02,0.23333125789408146,0.0,0.0,0,3,1.2,1.5,0.6,0.02,0.02,0.0
0.32889344262295084,0.23888372093023255,976,9831.T,2,1.2,2.5,1.0,0.05,0.02,0.2350046153169917,0.0,0.0,0,2,1.2,2.5,1.0,0.05,0.02,0.0
0.3702290076335878,0.28506122448979593,786,9843.T,5,1.2,2.5,1.0,0.02,0.05,0.2819034878535838,0.0,0.0,0,5,1.2,2.5,1.0,0.02,0.05,0.0
0.3248638838475499,0.23800554016620495,551,9861.T,1,1.2,2.5,0.6,0.05,0.02,0.23073992666432763,0.0,0.0,0,1,1.2,2.5,0.6,0.05,0.02,0.0
0.2722400857449089,0.22511078286558348,933,9962.T,3,1.2,2.0,0.6,0.05,0.05,0.22420840205891135,0.0,0.0,0,3,1.2,2.0,0.6,0.05,0.05,0.0
0.34189723320158105,0.25394495412844037,1012,9983.T,3,1.2,2.5,0.6,0.02,0.02,0.24912340363396027,0.0,0.0,0,3,1.2,2.5,0.6,0.02,0.02,0.0
0.38095238095238093,0.3001202404809619,819,9984.T,5,1.2,2.5,0.6,0.02,0.05,0.2950932624637039,0.0,0.0,0,5,1.2,2.5,0.6,0.02,0.05,0.0
